<?xml version="1.0" encoding="utf-8" ?>
<kml xmlns="http://www.opengis.net/kml/2.2">
<Document id="root_doc">
<Folder><name>Rabbit</name>
  <Placemark>
	<name></name>
	<description></description>
	<Style><LineStyle><color>ff0000ff</color></LineStyle><PolyStyle><fill>0</fill></PolyStyle></Style>
      <Polygon><altitudeMode>clampToGround</altitudeMode><outerBoundaryIs><LinearRing><altitudeMode>clampToGround</altitudeMode><coordinates>-114.1406373281,44.9192890904,0 -114.1407778466,44.9192838928,0 -114.140809634,44.9191683075,0 -114.1407611252,44.9190556923,0 -114.1406872085,44.9190083723,0 -114.1405894513,44.9190477412,0 -114.1405581861,44.9191704577,0 -114.1405813952,44.9192125028,0 -114.1406373281,44.9192890904,0</coordinates></LinearRing></outerBoundaryIs></Polygon>
  </Placemark>
  <Placemark>
	<name></name>
	<description></description>
	<Style><LineStyle><color>ff0000ff</color></LineStyle><PolyStyle><fill>0</fill></PolyStyle></Style>
      <Polygon><altitudeMode>clampToGround</altitudeMode><outerBoundaryIs><LinearRing><altitudeMode>clampToGround</altitudeMode><coordinates>-114.1310862597,44.91323915,0 -114.1311812975,44.9132773534,0 -114.1313415043,44.9132893161,0 -114.1314559842,44.9132493376,0 -114.1315648156,44.9131321034,0 -114.1316054367,44.9129995108,0 -114.131652575,44.9129560592,0 -114.1317138328,44.9128763337,0 -114.131716113,44.9127928267,0 -114.1316193377,44.9127308527,0 -114.131573611,44.9126789118,0 -114.1314627164,44.9126532116,0 -114.1313381366,44.912669728,0 -114.1313312971,44.9126801035,0 -114.1312254776,44.9126709542,0 -114.131133327,44.9127185301,0 -114.1309574502,44.9127363248,0 -114.1308402534,44.9126648772,0 -114.1307313807,44.912670792,0 -114.130597357,44.9127183537,0 -114.1305219549,44.9127659346,0 -114.1304549037,44.9128492228,0 -114.1304500386,44.9129177186,0 -114.1303689065,44.9129715989,0 -114.1302415341,44.9130905713,0 -114.1301342825,44.9131762261,0 -114.1301274593,44.9133618871,0 -114.1301608628,44.9135047162,0 -114.1302546114,44.9135761566,0 -114.1303148174,44.9137142341,0 -114.1305091099,44.913714299,0 -114.1305895631,44.9136286349,0 -114.1305159508,44.9135000743,0 -114.1305093013,44.9134239025,0 -114.1306299304,44.913371576,0 -114.1307304477,44.9133382851,0 -114.1307519894,44.9133033423,0 -114.1307585263,44.9133066634,0 -114.1307416562,44.913491131,0 -114.1308253599,44.9135566169,0 -114.1309342382,44.9135447513,0 -114.1309844938,44.9135328663,0 -114.1310348075,44.9134317201,0 -114.1310516108,44.9133484151,0 -114.1310844327,44.9132367264,0 -114.1310862597,44.91323915,0</coordinates></LinearRing></outerBoundaryIs></Polygon>
  </Placemark>
  <Placemark>
	<name></name>
	<description></description>
	<Style><LineStyle><color>ff0000ff</color></LineStyle><PolyStyle><fill>0</fill></PolyStyle></Style>
      <Polygon><altitudeMode>clampToGround</altitudeMode><outerBoundaryIs><LinearRing><altitudeMode>clampToGround</altitudeMode><coordinates>-114.1371817082,44.9141402124,0 -114.1371645924,44.9141402369,0 -114.1371589495,44.9141221606,0 -114.1370651808,44.914069768,0 -114.136978086,44.9140649834,0 -114.1369145976,44.9140825069,0 -114.1368859045,44.9140591877,0 -114.1368105383,44.9140472653,0 -114.1366849039,44.9140710334,0 -114.1366094884,44.9141483722,0 -114.1366429347,44.9142435938,0 -114.1367099099,44.9142852678,0 -114.1368103909,44.9143150496,0 -114.136889141,44.9143486532,0 -114.1368879217,44.9143655885,0 -114.1369010707,44.9144306494,0 -114.1369961145,44.9144688481,0 -114.1370638926,44.9144782605,0 -114.1371528457,44.9144332609,0 -114.137221591,44.9143413377,0 -114.1372203829,44.9142102885,0 -114.1371817082,44.9141402124,0</coordinates></LinearRing></outerBoundaryIs></Polygon>
  </Placemark>
  <Placemark>
	<name></name>
	<description></description>
	<Style><LineStyle><color>ff0000ff</color></LineStyle><PolyStyle><fill>0</fill></PolyStyle></Style>
      <Polygon><altitudeMode>clampToGround</altitudeMode><outerBoundaryIs><LinearRing><altitudeMode>clampToGround</altitudeMode><coordinates>-114.2086498638,44.9198308764,0 -114.2087503673,44.9198213198,0 -114.2087368834,44.9197023056,0 -114.2087100477,44.9196547075,0 -114.2085760247,44.919640472,0 -114.2084822319,44.9196643085,0 -114.2084421099,44.9197833413,0 -114.208495758,44.9198452125,0 -114.2085426759,44.9198642391,0 -114.2086498638,44.9198308764,0</coordinates></LinearRing></outerBoundaryIs></Polygon>
  </Placemark>
  <Placemark>
	<name></name>
	<description></description>
	<Style><LineStyle><color>ff0000ff</color></LineStyle><PolyStyle><fill>0</fill></PolyStyle></Style>
      <Polygon><altitudeMode>clampToGround</altitudeMode><outerBoundaryIs><LinearRing><altitudeMode>clampToGround</altitudeMode><coordinates>-114.1379427438,44.9142794734,0 -114.1379762581,44.9142509187,0 -114.1379762883,44.9141937914,0 -114.137882501,44.9141747238,0 -114.1378288974,44.9141842306,0 -114.1378087599,44.9142556344,0 -114.1378757455,44.9142794554,0 -114.1379427438,44.9142794734,0</coordinates></LinearRing></outerBoundaryIs></Polygon>
  </Placemark>
  <Placemark>
	<name></name>
	<description></description>
	<Style><LineStyle><color>ff0000ff</color></LineStyle><PolyStyle><fill>0</fill></PolyStyle></Style>
      <Polygon><altitudeMode>clampToGround</altitudeMode><outerBoundaryIs><LinearRing><altitudeMode>clampToGround</altitudeMode><coordinates>-114.1437007372,44.9115827861,0 -114.1437091116,44.9115827879,0 -114.143834738,44.9115590118,0 -114.1439268843,44.911493573,0 -114.143935299,44.9113983622,0 -114.143926965,44.9113031479,0 -114.1438767542,44.9112198262,0 -114.1437511464,44.9112019468,0 -114.1436422593,44.9112495295,0 -114.1436422185,44.9113447421,0 -114.1436422091,44.9113664923,0 -114.1435773493,44.9113737551,0 -114.1435019747,44.9113856403,0 -114.1434349616,44.9114272811,0 -114.1434600487,44.9115105976,0 -114.1435186567,44.9115403643,0 -114.143680115,44.911532487,0 -114.1437007372,44.9115827861,0</coordinates></LinearRing></outerBoundaryIs></Polygon>
  </Placemark>
  <Placemark>
	<name></name>
	<description></description>
	<Style><LineStyle><color>ff0000ff</color></LineStyle><PolyStyle><fill>0</fill></PolyStyle></Style>
      <Polygon><altitudeMode>clampToGround</altitudeMode><outerBoundaryIs><LinearRing><altitudeMode>clampToGround</altitudeMode><coordinates>-114.1437849076,44.9105830725,0 -114.1437849133,44.9105698364,0 -114.1437870513,44.9105704446,0 -114.1438707763,44.9106121181,0 -114.1439712449,44.9106656966,0 -114.1440717313,44.9106776196,0 -114.1440801431,44.9105883596,0 -114.1440215484,44.9105288393,0 -114.1439713204,44.9104871731,0 -114.1439294894,44.9103919516,0 -114.1438876485,44.9103205332,0 -114.1437704016,44.9103383604,0 -114.143687085,44.9103738592,0 -114.1436510136,44.9103628646,0 -114.1435588689,44.9104283033,0 -114.143542082,44.9105175614,0 -114.1435587921,44.9106068268,0 -114.1436425042,44.9106782543,0 -114.1437848645,44.9106842358,0 -114.1437848671,44.9106782851,0 -114.1437849076,44.9105830725,0</coordinates></LinearRing></outerBoundaryIs></Polygon>
  </Placemark>
  <Placemark>
	<name></name>
	<description></description>
	<Style><LineStyle><color>ff0000ff</color></LineStyle><PolyStyle><fill>0</fill></PolyStyle></Style>
      <Polygon><altitudeMode>clampToGround</altitudeMode><outerBoundaryIs><LinearRing><altitudeMode>clampToGround</altitudeMode><coordinates>-114.1469400907,44.898789689,0 -114.1470321654,44.8988551646,0 -114.1471409919,44.8989027908,0 -114.1473084521,44.8988790177,0 -114.1473084542,44.8988730669,0 -114.1473084879,44.898777854,0 -114.1473001491,44.8986826396,0 -114.1472499434,44.8985993194,0 -114.14719974,44.8985100483,0 -114.1470909142,44.8984624222,0 -114.1470239062,44.8985397705,0 -114.1470186661,44.8985676496,0 -114.1469130327,44.8985518234,0 -114.1468125416,44.8986089327,0 -114.1468058107,44.8986993837,0 -114.146899561,44.8987612892,0 -114.1469341178,44.8987577869,0 -114.1469400907,44.898789689,0</coordinates></LinearRing></outerBoundaryIs></Polygon>
  </Placemark>
  <Placemark>
	<name></name>
	<description></description>
	<Style><LineStyle><color>ff0000ff</color></LineStyle><PolyStyle><fill>0</fill></PolyStyle></Style>
      <Polygon><altitudeMode>clampToGround</altitudeMode><outerBoundaryIs><LinearRing><altitudeMode>clampToGround</altitudeMode><coordinates>-114.1458609038,44.8999702973,0 -114.145867602,44.8999702986,0 -114.1459614001,44.8999084283,0 -114.1460016234,44.8998179838,0 -114.1459413705,44.8997370414,0 -114.1458677197,44.8996608571,0 -114.1458744523,44.8995704062,0 -114.1458677885,44.8994799528,0 -114.1457539403,44.8994275638,0 -114.1456266814,44.8994132573,0 -114.1454927116,44.8994322737,0 -114.1454190009,44.8995131902,0 -114.1454055695,44.8996036397,0 -114.1454524233,44.8996893404,0 -114.1455662699,44.8997464903,0 -114.145693535,44.899746515,0 -114.1457604856,44.8998274588,0 -114.145793942,44.8999179174,0 -114.1458609038,44.8999702973,0</coordinates></LinearRing></outerBoundaryIs></Polygon>
  </Placemark>
  <Placemark>
	<name></name>
	<description></description>
	<Style><LineStyle><color>ff0000ff</color></LineStyle><PolyStyle><fill>0</fill></PolyStyle></Style>
      <Polygon><altitudeMode>clampToGround</altitudeMode><outerBoundaryIs><LinearRing><altitudeMode>clampToGround</altitudeMode><coordinates>-114.1457529827,44.9019268991,0 -114.1457596811,44.9019269004,0 -114.1458668758,44.9018745541,0 -114.1458468152,44.9017840981,0 -114.1457664618,44.901712673,0 -114.1456861086,44.9016412478,0 -114.1455655249,44.9016745487,0 -114.1455186029,44.901760231,0 -114.1455118694,44.9018506818,0 -114.145558725,44.9019363825,0 -114.1457529827,44.9019268991,0</coordinates></LinearRing></outerBoundaryIs></Polygon>
  </Placemark>
  <Placemark>
	<name></name>
	<description></description>
	<Style><LineStyle><color>ff0000ff</color></LineStyle><PolyStyle><fill>0</fill></PolyStyle></Style>
      <Polygon><altitudeMode>clampToGround</altitudeMode><outerBoundaryIs><LinearRing><altitudeMode>clampToGround</altitudeMode><coordinates>-114.1466498792,44.9037980008,0 -114.1466632765,44.9037980033,0 -114.146777169,44.9037551788,0 -114.1467972999,44.9036599698,0 -114.1467236432,44.9035837859,0 -114.1466030577,44.9036123272,0 -114.1465896269,44.9037027768,0 -114.1466498792,44.9037980008,0</coordinates></LinearRing></outerBoundaryIs></Polygon>
  </Placemark>
  <Placemark>
	<name></name>
	<description></description>
	<Style><LineStyle><color>ff0000ff</color></LineStyle><PolyStyle><fill>0</fill></PolyStyle></Style>
      <Polygon><altitudeMode>clampToGround</altitudeMode><outerBoundaryIs><LinearRing><altitudeMode>clampToGround</altitudeMode><coordinates>-114.1546631157,44.9038837197,0 -114.154671489,44.9038837206,0 -114.1547719827,44.9038242241,0 -114.1547552566,44.9037349599,0 -114.1546380398,44.9036932905,0 -114.1545291757,44.9037408843,0 -114.1545459015,44.9038301485,0 -114.1546631157,44.9038837197,0</coordinates></LinearRing></outerBoundaryIs></Polygon>
  </Placemark>
  <Placemark>
	<name></name>
	<description></description>
	<Style><LineStyle><color>ff0000ff</color></LineStyle><PolyStyle><fill>0</fill></PolyStyle></Style>
      <Polygon><altitudeMode>clampToGround</altitudeMode><outerBoundaryIs><LinearRing><altitudeMode>clampToGround</altitudeMode><coordinates>-114.1561039982,44.9038561059,0 -114.1561835425,44.905082127,0 -114.1558753406,44.9061228241,0 -114.1552327837,44.9072415562,0 -114.1542544476,44.9080908954,0 -114.1537424594,44.9085080533,0 -114.1537424624,44.9084960449,0 -114.1536838654,44.9084127261,0 -114.153642018,44.9083234586,0 -114.1535917968,44.90823419,0 -114.1534913244,44.9081746689,0 -114.1533657228,44.9081448986,0 -114.1532317411,44.9081389303,0 -114.1531228658,44.9081924732,0 -114.1529888762,44.9082162587,0 -114.15289678,44.9081507875,0 -114.1527963102,44.908085315,0 -114.1526707091,44.908055544,0 -114.1526456114,44.9079662784,0 -114.1525200107,44.9079365072,0 -114.1524111628,44.9078888857,0 -114.1523190678,44.907823414,0 -114.1521850937,44.9077936413,0 -114.152051113,44.9077876716,0 -114.1519338903,44.9077459993,0 -114.1518334222,44.907680526,0 -114.1517329527,44.9076210035,0 -114.1516827333,44.907537685,0 -114.1515655113,44.9074960123,0 -114.1514315332,44.9074840911,0 -114.1512975517,44.9074840714,0 -114.1511635719,44.9074781007,0 -114.1510212165,44.9074780794,0 -114.150887235,44.9074780592,0 -114.1507532553,44.907472088,0 -114.1506276567,44.9074423147,0 -114.150543942,44.9073649414,0 -114.1504350988,44.9073113673,0 -114.150301114,44.907323248,0 -114.1501922376,44.9073767881,0 -114.150074991,44.9074184252,0 -114.1499577423,44.907466013,0 -114.1498404972,44.907501699,0 -114.1497399901,44.9075671417,0 -114.1497232138,44.907656401,0 -114.1496059682,44.9076920868,0 -114.1494803505,44.9077218203,0 -114.1493463705,44.9077158474,0 -114.1492123905,44.9077098744,0 -114.1490951425,44.9077515105,0 -114.1489695284,44.9077693418,0 -114.1488857657,44.9078407373,0 -114.1488187485,44.9079180863,0 -114.1488019707,44.9080073455,0 -114.14887731,44.9080847186,0 -114.1490029129,44.9081025922,0 -114.1489777593,44.9081978008,0 -114.1488521402,44.9082275336,0 -114.1487181551,44.9082334616,0 -114.1485925358,44.908263194,0 -114.1485171438,44.9083405414,0 -114.1484250077,44.9084059843,0 -114.1483244996,44.9084654748,0 -114.1482323631,44.9085309174,0 -114.1481151127,44.9085725524,0 -114.1480397739,44.9084951788,0 -114.1480146833,44.9084059124,0 -114.1479979666,44.9083166474,0 -114.1479561282,44.9082273781,0 -114.1479059139,44.908144058,0 -114.1478975736,44.9080488437,0 -114.1479980856,44.907977452,0 -114.1481236983,44.9079655726,0 -114.1481990903,44.9078882254,0 -114.1481889073,44.90783385,0 -114.1482179992,44.9078220431,0 -114.1483268782,44.907768505,0 -114.1484273851,44.9077090144,0 -114.14851952,44.9076435715,0 -114.148645136,44.9076197899,0 -114.1487372705,44.9075543468,0 -114.1492009627,44.9074243902,0 -114.1491984464,44.9072158291,0 -114.1488022062,44.9069038673,0 -114.1485829151,44.9066944822,0 -114.1481979307,44.9066015549,0 -114.1477797124,44.90651503,0 -114.1474472064,44.9065488259,0 -114.146898024,44.9066836107,0 -114.1466389652,44.9068560042,0 -114.1463962098,44.9070153896,0 -114.146001581,44.9069618244,0 -114.1456013878,44.9068240823,0 -114.1451624556,44.9067118413,0 -114.1448946654,44.90671386,0 -114.1448276192,44.9068692203,0 -114.1448073569,44.9071732476,0 -114.1448369004,44.9076760764,0 -114.1446014034,44.9076665441,0 -114.1445682181,44.9078964497,0 -114.1446866823,44.9084407332,0 -114.1446319294,44.9086851757,0 -114.1446647005,44.9091168503,0 -114.144698029,44.9094407336,0 -114.1448654933,44.909555799,0 -114.1451221519,44.9096035425,0 -114.1453439738,44.9109864462,0 -114.1452908084,44.9109939909,0 -114.1451664973,44.9109939657,0 -114.1450678581,44.9109939456,0 -114.1450430474,44.9109277551,0 -114.1449509564,44.9108622776,0 -114.14483279,44.9108454585,0 -114.1448315288,44.9108292409,0 -114.1446707567,44.910793503,0 -114.1446004008,44.9108220521,0 -114.1445802671,44.9109077393,0 -114.1446039105,44.9109581915,0 -114.1445902898,44.9109720099,0 -114.1445968479,44.9110000213,0 -114.1445300136,44.9110771456,0 -114.1445467254,44.9111664109,0 -114.1445622107,44.9112491246,0 -114.1445299102,44.9113270786,0 -114.1444628831,44.9114044248,0 -114.1444377228,44.9114936813,0 -114.1444041881,44.911582936,0 -114.1443790277,44.9116721925,0 -114.1443706136,44.9117674033,0 -114.1443454555,44.911850709,0 -114.144345453,44.9118566598,0 -114.1443286668,44.911945918,0 -114.1443202525,44.9120411288,0 -114.1442113643,44.912088712,0 -114.1440940988,44.9121422442,0 -114.1440103236,44.9122136357,0 -114.1439432947,44.9122909815,0 -114.1439348797,44.9123861923,0 -114.1439348648,44.9124213038,0 -114.1439083434,44.9124105273,0 -114.1437743661,44.9123747938,0 -114.1436403737,44.9123747648,0 -114.1435231097,44.9124223455,0 -114.1434393334,44.9124937366,0 -114.1433388025,44.9125770255,0 -114.1431880709,44.9125531891,0 -114.1430876077,44.9124817575,0 -114.1430643407,44.9124699403,0 -114.1430660384,44.9124507343,0 -114.1430828268,44.9123614763,0 -114.143099615,44.9122722184,0 -114.143190883,44.9121245587,0 -114.1429689889,44.9120697482,0 -114.1427540051,44.9120942011,0 -114.1426728807,44.912335766,0 -114.1426195526,44.9124693702,0 -114.142618612,44.9125292586,0 -114.1425515782,44.9126125543,0 -114.1425515355,44.9127077668,0 -114.1426017456,44.9127910891,0 -114.1426017029,44.9128863016,0 -114.1426016601,44.912981514,0 -114.1426016174,44.9130767265,0 -114.1426015747,44.9131719389,0 -114.1425847827,44.9132671476,0 -114.1425679906,44.9133623562,0 -114.1425679478,44.9134575687,0 -114.1425511556,44.9135527773,0 -114.1425343633,44.913647986,0 -114.1424003572,44.9136717585,0 -114.1422663401,44.9137193341,0 -114.1421323337,44.9137431063,0 -114.1420486192,44.9136716776,0 -114.1419816598,44.9135883512,0 -114.1420319463,44.913505052,0 -114.1420487393,44.9134098434,0 -114.142048783,44.913314631,0 -114.1420488266,44.9132194186,0 -114.1420153827,44.9131003953,0 -114.1418981543,44.9130646634,0 -114.1417641604,44.9130646321,0 -114.141646899,44.9131003093,0 -114.1415463757,44.9131597934,0 -114.1414123704,44.9131835648,0 -114.1412783762,44.913183533,0 -114.1411443707,44.9132073041,0 -114.1410271087,44.9132429806,0 -114.141010314,44.913338189,0 -114.1410102687,44.9134334014,0 -114.1410604771,44.9135167243,0 -114.1411777058,44.913552457,0 -114.1413116952,44.9135643906,0 -114.1414121636,44.9136239222,0 -114.1414623727,44.913707245,0 -114.141495827,44.9138024653,0 -114.141480458,44.9139004538,0 -114.1414712896,44.9138690701,0 -114.1413952883,44.9137932256,0 -114.1412642967,44.9137909217,0 -114.1411502418,44.9137450875,0 -114.1410182053,44.9137285208,0 -114.1409119889,44.9137896553,0 -114.140868079,44.913877087,0 -114.1407391774,44.9139033076,0 -114.1406071406,44.9138867405,0 -114.1405996393,44.9138852668,0 -114.1405913392,44.9138379524,0 -114.1405076265,44.9137665226,0 -114.1403904037,44.9137188876,0 -114.1402564141,44.913706953,0 -114.1401224129,44.9137188213,0 -114.1400553741,44.9138021154,0 -114.1400385776,44.9138973236,0 -114.1401103407,44.9139687655,0 -114.1400965825,44.9139809768,0 -114.1399796268,44.9140086458,0 -114.1399527828,44.9140990908,0 -114.140023017,44.9141717354,0 -114.1400666044,44.9142514589,0 -114.1400970843,44.9142924027,0 -114.140071871,44.9143138859,0 -114.1400383247,44.9144090899,0 -114.1400382777,44.9145043022,0 -114.1399042686,44.9145280718,0 -114.1397869973,44.9145756485,0 -114.1396362443,44.9145875119,0 -114.1395022469,44.9145874779,0 -114.1393682616,44.9145636407,0 -114.1392510321,44.9145279061,0 -114.1391337663,44.9145635805,0 -114.1389997629,44.9145754475,0 -114.1388825337,44.9145397125,0 -114.1387820665,44.9144801786,0 -114.1386983553,44.9144087476,0 -114.1385476273,44.9143730035,0 -114.1384303615,44.9144086772,0 -114.138346576,44.9144800643,0 -114.1383130268,44.9145752677,0 -114.1382794775,44.9146704711,0 -114.138178948,44.914729952,0 -114.1380784184,44.9147894329,0 -114.1380085455,44.9148177786,0 -114.1380076239,44.9148051935,0 -114.1379707268,44.9147136001,0 -114.137875701,44.9146527579,0 -114.1377573549,44.9146857353,0 -114.137749355,44.9147062926,0 -114.1376932449,44.9146584126,0 -114.1375592731,44.9146107702,0 -114.1374252694,44.9146226353,0 -114.1372912462,44.9146702048,0 -114.1371572358,44.9146939711,0 -114.137039962,44.9147415449,0 -114.1369394312,44.9148010247,0 -114.1368054269,44.914812889,0 -114.1366714226,44.9148247532,0 -114.1365541944,44.9147890159,0 -114.1364872419,44.9147056864,0 -114.13640354,44.9146223522,0 -114.1362695427,44.9146223144,0 -114.1361355455,44.9146222764,0 -114.1360015482,44.9146222383,0 -114.1358675442,44.9146341015,0 -114.1357000341,44.9146578565,0 -114.1355834048,44.9146223005,0 -114.1355779838,44.9146030001,0 -114.1355529104,44.9145137314,0 -114.1354859563,44.9144363522,0 -114.1353938712,44.9143708671,0 -114.1352682425,44.9143827321,0 -114.1351760819,44.9144481636,0 -114.1351729865,44.9144591372,0 -114.1351306629,44.9144553655,0 -114.134996673,44.9144434247,0 -114.1349296261,44.9145267156,0 -114.1348458362,44.9145980999,0 -114.1347787888,44.9146813907,0 -114.1346782559,44.9147408685,0 -114.1345442514,44.9147527302,0 -114.134410254,44.9147526902,0 -114.1342929779,44.9148002611,0 -114.1341757017,44.9148478319,0 -114.1340584323,44.9148835011,0 -114.1339746338,44.9149667863,0 -114.1339578268,44.9150619933,0 -114.1339236514,44.9152410271,0 -114.1338043104,44.915323152,0 -114.1336305669,44.9153402036,0 -114.133383417,44.9154230434,0 -114.1333113111,44.9155335282,0 -114.1335767719,44.9156025083,0 -114.1338480009,44.915523204,0 -114.13412642,44.915615053,0 -114.134840699,44.9158700393,0 -114.1346652235,44.9159358942,0 -114.1344570337,44.9162276534,0 -114.1341161361,44.9162742727,0 -114.1342180133,44.916499351,0 -114.1345846324,44.9165828802,0 -114.1351119419,44.9165893002,0 -114.135474176,44.9167176096,0 -114.1357674927,44.9166850452,0 -114.1359704991,44.9166271352,0 -114.1362579178,44.9163357322,0 -114.1363329901,44.9162614524,0 -114.1364508183,44.9162213453,0 -114.136581293,44.9162165236,0 -114.1367117676,44.9162117017,0 -114.1368411981,44.9161926171,0 -114.1369716726,44.9161877949,0 -114.1371005809,44.9161615787,0 -114.1371650934,44.916080538,0 -114.1372290836,44.915992366,0 -114.1373141908,44.9159177145,0 -114.1374441426,44.9159057605,0 -114.1375581985,44.9159515985,0 -114.1376437116,44.9160199432,0 -114.137680609,44.9161115367,0 -114.1377175065,44.9162031302,0 -114.1378125346,44.9162639725,0 -114.1379075628,44.9163248148,0 -114.1380121056,44.9163781547,0 -114.1381346328,44.9164022273,0 -114.138240857,44.9163410955,0 -114.1382441046,44.916248018,0 -114.1382272792,44.9161556825,0 -114.1382305268,44.9160626049,0 -114.1382638838,44.9159684142,0 -114.1383389532,44.915894133,0 -114.1384451762,44.915833001,0 -114.1385624799,44.9157857604,0 -114.1386792611,44.9157313884,0 -114.1387538073,44.9156499757,0 -114.1387977219,44.9155625449,0 -114.1387909321,44.9154698384,0 -114.1388443605,44.9153749052,0 -114.1388983111,44.9152871033,0 -114.1390293058,44.9152894099,0 -114.139066205,44.915381003,0 -114.1390830316,44.9154733384,0 -114.1391098946,44.9155653027,0 -114.1391763809,44.9156486511,0 -114.139294206,44.915608541,0 -114.1393587148,44.9155274989,0 -114.1394760172,44.9154802574,0 -114.1396265628,44.9154746897,0 -114.1397580804,44.9154841269,0 -114.139863146,44.9155445963,0 -114.1398699374,44.9156373028,0 -114.1398872878,44.9157367694,0 -114.1398940793,44.9158294759,0 -114.1398813204,44.915930056,0 -114.1398374071,44.9160174872,0 -114.1398341621,44.9161105649,0 -114.1398436198,44.9161624594,0 -114.1397359323,44.9162061465,0 -114.1396186573,44.9162537229,0 -114.139484644,44.9162774919,0 -114.1393506367,44.9162893591,0 -114.1392501721,44.9162179241,0 -114.1391497017,44.9161583905,0 -114.1390324325,44.9161940648,0 -114.1389653829,44.9162892597,0 -114.138848101,44.9163487368,0 -114.1387140873,44.9163725048,0 -114.1386135552,44.9164319861,0 -114.1385465109,44.9165152792,0 -114.1384627224,44.9165866662,0 -114.1383789336,44.9166580532,0 -114.1382951447,44.9167294402,0 -114.1382113556,44.916800827,0 -114.1380605965,44.9168126883,0 -114.1379265877,44.9168245538,0 -114.1377925788,44.9168364192,0 -114.137692045,44.9168958996,0 -114.1376082549,44.916967286,0 -114.1375579589,44.917050583,0 -114.1375579075,44.9171457951,0 -114.1375913569,44.9172410165,0 -114.1376248065,44.9173362378,0 -114.1376415057,44.9174314545,0 -114.1376582049,44.9175266712,0 -114.1376581536,44.9176218834,0 -114.1376748529,44.9177171002,0 -114.1376748017,44.9178123123,0 -114.137691501,44.9179075291,0 -114.1376914498,44.9180027413,0 -114.1377248999,44.9180979625,0 -114.1377583501,44.9181931838,0 -114.1378085575,44.9182765081,0 -114.1378252572,44.9183717248,0 -114.1378084553,44.9184669324,0 -114.1378084042,44.9185621446,0 -114.1379075723,44.9185923732,0 -114.1379040373,44.9186323152,0 -114.1379207372,44.9187275319,0 -114.1379374403,44.9188167978,0 -114.1379541403,44.9189120145,0 -114.1379624649,44.919007229,0 -114.1380126733,44.9190905532,0 -114.1380880115,44.9191679333,0 -114.1381465925,44.9192572105,0 -114.1382722157,44.9192750964,0 -114.1383643809,44.9192096626,0 -114.1383644311,44.9191144504,0 -114.1383968852,44.9190453611,0 -114.1385231134,44.9190926065,0 -114.1386571237,44.9190878813,0 -114.1387777109,44.9191259979,0 -114.1388245667,44.9192164618,0 -114.138951867,44.919230777,0 -114.139072489,44.9192022447,0 -114.1391663265,44.9191403812,0 -114.1392333719,44.9190594681,0 -114.1393138131,44.9189880797,0 -114.1394277438,44.9189405029,0 -114.1395416743,44.918892926,0 -114.1396154169,44.9188167751,0 -114.1396489667,44.9187215713,0 -114.1396624131,44.9186311231,0 -114.1396624587,44.9185406715,0 -114.139655804,44.9184502181,0 -114.1396290484,44.9183597597,0 -114.1396290941,44.918269308,0 -114.1395956383,44.9181788478,0 -114.1395889862,44.9180836339,0 -114.1395890012,44.918053936,0 -114.1396345202,44.9180151542,0 -114.1397015648,44.9179318605,0 -114.1398020985,44.9178723784,0 -114.1398556384,44.9178407006,0 -114.139893467,44.9178817177,0 -114.1399408989,44.9179196233,0 -114.1399776449,44.9179980413,0 -114.1400245041,44.9180837442,0 -114.1401518212,44.918059973,0 -114.1401920652,44.917974292,0 -114.1401318647,44.9179015189,0 -114.1401729298,44.9178499301,0 -114.1401661377,44.9177572236,0 -114.1402100519,44.9176697923,0 -114.1403284031,44.9176368125,0 -114.1404588808,44.9176319864,0 -114.1405656274,44.9175779838,0 -114.1406971501,44.91758742,0 -114.1407826694,44.9176557625,0 -114.1407493153,44.917749954,0 -114.1406636872,44.9178174768,0 -114.1405991774,44.9178985195,0 -114.1405959334,44.9179915972,0 -114.140709996,44.9180374322,0 -114.1408335731,44.9180757646,0 -114.1408685547,44.918055632,0 -114.1408740355,44.9180868724,0 -114.1409242475,44.9181701955,0 -114.140957703,44.9182654159,0 -114.141058179,44.918324948,0 -114.1411754116,44.9183725825,0 -114.1412926444,44.9184202169,0 -114.1413763645,44.9184916463,0 -114.1414600849,44.9185630756,0 -114.1415940804,44.9185869106,0 -114.1416945576,44.9186464421,0 -114.1417950349,44.9187059736,0 -114.1419122745,44.9187417059,0 -114.1420462762,44.9187536388,0 -114.1420727648,44.9187455804,0 -114.1421851294,44.9187676512,0 -114.1421883789,44.9187697965,0 -114.1422955585,44.9188269488,0 -114.1423883148,44.9188657444,0 -114.1422807123,44.9189203151,0 -114.1422304211,44.9190036142,0 -114.1422136263,44.9190988227,0 -114.1422470845,44.9191940428,0 -114.1422637917,44.9192892591,0 -114.1423475143,44.9193606878,0 -114.1423643401,44.9193675241,0 -114.1423656012,44.9193698561,0 -114.1423988878,44.9194104291,0 -114.1423756599,44.9194886933,0 -114.1423815027,44.9195680598,0 -114.1423090689,44.9195974453,0 -114.1422169074,44.9196628824,0 -114.1421163729,44.9197223667,0 -114.1420995804,44.9198116243,0 -114.1421079119,44.9199068386,0 -114.1421329974,44.919996106,0 -114.1419571814,44.9201122273,0 -114.1418277311,44.9202230449,0 -114.1419312206,44.9204979901,0 -114.1422303423,44.9205659237,0 -114.1425289537,44.9203937231,0 -114.1428441344,44.9202626932,0 -114.1434540308,44.9202603624,0 -114.1439724674,44.9201704558,0 -114.1445049563,44.9203454515,0 -114.1449548534,44.9205495033,0 -114.1452708255,44.9202266455,0 -114.145269643,44.919912085,0 -114.145069161,44.9196844701,0 -114.1451897832,44.9196511707,0 -114.1453104034,44.9196226319,0 -114.1454109337,44.919565525,0 -114.1455382387,44.9195750722,0 -114.145578407,44.9196607717,0 -114.1456990003,44.9196988811,0 -114.1458062289,44.9196465359,0 -114.1458831229,44.9196335445,0 -114.1458818759,44.919669416,0 -114.1458886772,44.9197621224,0 -114.1458954786,44.9198548287,0 -114.1459608425,44.9198881699,0 -114.1459635835,44.9199155428,0 -114.1459635467,44.920008375,0 -114.1459434083,44.9201012031,0 -114.1459433715,44.9201940353,0 -114.145923233,44.9202868634,0 -114.1458729447,44.9203725446,0 -114.1458327072,44.9204582277,0 -114.1457723678,44.9205439068,0 -114.1457321299,44.9206295899,0 -114.1457320927,44.9207224221,0 -114.1458024176,44.9208009866,0 -114.145912955,44.9208581364,0 -114.1460335519,44.9208938652,0 -114.1461642084,44.9209081731,0 -114.1462948678,44.9209153399,0 -114.14635514,44.9210010431,0 -114.1463953104,44.9210867423,0 -114.1464153762,44.9211795784,0 -114.1464555468,44.9212652775,0 -114.1465761394,44.9213152877,0 -114.1467068053,44.9213081722,0 -114.1468374766,44.9212867747,0 -114.1468978153,44.9212010951,0 -114.1470184407,44.9211654135,0 -114.1471189263,44.9212297011,0 -114.1472395275,44.9212582878,0 -114.1473601529,44.9212226059,0 -114.1473702385,44.9211297756,0 -114.1474506729,44.9210583813,0 -114.147531107,44.9209869869,0 -114.1476617747,44.9209727293,0 -114.1477723169,44.9210227364,0 -114.1478828567,44.9210798843,0 -114.1479933993,44.9211298912,0 -114.1481341182,44.9211156349,0 -114.1482045058,44.9210299563,0 -114.148284939,44.9209585614,0 -114.1484055606,44.9209300193,0 -114.1484859934,44.9208586242,0 -114.1485332763,44.9207914796,0 -114.1486405895,44.9208067481,0 -114.1487745936,44.9208305749,0 -114.1489002261,44.9208424985,0 -114.1489840085,44.9207711036,0 -114.1489672878,44.9206818389,0 -114.1489086863,44.9205985176,0 -114.148850085,44.9205151964,0 -114.1487579768,44.9204437708,0 -114.1486574889,44.9203842452,0 -114.1486087575,44.920366923,0 -114.1485866934,44.9203159303,0 -114.1485666244,44.9202230944,0 -114.1485164004,44.9201373942,0 -114.1484561258,44.9200516921,0 -114.1484059021,44.9199659918,0 -114.1484461355,44.9198803076,0 -114.1484863688,44.9197946234,0 -114.148506503,44.9197017947,0 -114.1484864342,44.9196089589,0 -114.1484161069,44.9195303959,0 -114.1482955086,44.9195018106,0 -114.1481749155,44.9194589432,0 -114.1480898915,44.9194149859,0 -114.1481108145,44.9193222735,0 -114.1482064736,44.919254373,0 -114.1483469918,44.9192491661,0 -114.148477473,44.9192443309,0 -114.1486010582,44.919282655,0 -114.1486871131,44.9193581231,0 -114.1487827716,44.9192902221,0 -114.1488789534,44.9192294524,0 -114.1489973032,44.9191964635,0 -114.149115653,44.9191634746,0 -114.1492450867,44.919144376,0 -114.1493629126,44.9191042555,0 -114.1494379723,44.9190299668,0 -114.1494713131,44.9189357724,0 -114.1495046538,44.9188415779,0 -114.1495902735,44.9187740483,0 -114.1497197062,44.9187549492,0 -114.1498427677,44.9187861407,0 -114.1499282999,44.9188544766,0 -114.1500328588,44.9189078058,0 -114.1501553971,44.9189318658,0 -114.1502789829,44.9189701881,0 -114.1504126058,44.9190081382,0 -114.150535346,44.9190235269,0 -114.1509355511,44.9197066218,0 -114.1520249476,44.9208916128,0 -114.15328961,44.9219227127,0 -114.1547418584,44.9226035747,0 -114.1564041578,44.9229884715,0 -114.1581868867,44.9224619307,0 -114.1582485235,44.9224928501,0 -114.1583758431,44.9224738194,0 -114.1584562661,44.922402417,0 -114.1585031874,44.9223167296,0 -114.1585031929,44.9222863217,0 -114.1586913392,44.922151147,0 -114.1587846488,44.9221644141,0 -114.1589119683,44.9221406221,0 -114.1589923902,44.9220692193,0 -114.1590125081,44.9219787687,0 -114.1590125181,44.921920392,0 -114.1598021822,44.9213530361,0 -114.1608131232,44.9199825948,0 -114.1610152949,44.9184619497,0 -114.1617710908,44.9172190395,0 -114.1629246919,44.9162033613,0 -114.1645408071,44.9154875891,0 -114.1662179423,44.9149915479,0 -114.1677723665,44.9144151237,0 -114.1692322427,44.9137410515,0 -114.1705702458,44.9130280863,0 -114.1719213249,44.9123322621,0 -114.173040728,44.9115341369,0 -114.174077486,44.9106151878,0 -114.1749899401,44.9096909986,0 -114.175764092,44.9087650914,0 -114.17647186,44.9078546913,0 -114.177168648,44.9069664182,0 -114.1777898309,44.906095497,0 -114.1785576129,44.9052916719,0 -114.179409466,44.9046043137,0 -114.1804251011,44.9040654836,0 -114.1814845742,44.9036294145,0 -114.1825230083,44.9032570063,0 -114.1835465225,44.9030422202,0 -114.1845883927,44.9028967521,0 -114.1856713349,44.902738124,0 -114.1867430451,44.9026604659,0 -114.1878352073,44.9024989048,0 -114.1888947644,44.9022776646,0 -114.1898266646,44.9019418435,0 -114.1909776677,44.9015978494,0 -114.1921255689,44.9013622763,0 -114.1934024681,44.9011658041,0 -114.1947209423,44.900976038,0 -114.1960682496,44.9008449028,0 -114.1974976999,44.9008518597,0 -114.1989201932,44.9010090206,0 -114.1998654204,44.9011551585,0 -114.2012370347,44.9013805064,0 -114.202480826,44.9017708933,0 -114.2036317454,44.9023430413,0 -114.2044798267,44.9032911183,0 -114.2053799601,44.9043290493,0 -114.2062271195,44.9054649233,0 -114.2070532398,44.9066546923,0 -114.2078664522,44.9079260594,0 -114.2085025556,44.9092612974,0 -114.208918969,44.9106682415,0 -114.2091001863,44.9121137426,0 -114.2092052115,44.9135530827,0 -114.2093054589,44.9150764109,0 -114.2093886082,44.916596385,0 -114.2095281675,44.9181268781,0 -114.2091603156,44.9191838202,0 -114.2091986837,44.9193447025,0 -114.2091920085,44.9193684778,0 -114.2091250623,44.9194541951,0 -114.2090849185,44.9195399029,0 -114.2091385838,44.9196255776,0 -114.2091788478,44.9197112569,0 -114.2092860987,44.9197683479,0 -114.2093016985,44.9197766519,0 -114.2095216359,44.9206988472,0 -114.2095146151,44.9207489823,0 -114.2095146824,44.9208441974,0 -114.2095147497,44.9209394125,0 -114.2095148169,44.9210346276,0 -114.2095148842,44.9211298427,0 -114.2096355397,44.9211869287,0 -114.2097561751,44.92121545,0 -114.2097961677,44.9212154357,0 -114.2107917396,44.9226527714,0 -114.211775357,44.9239416984,0 -114.2131900544,44.9247198743,0 -114.2150724628,44.9248531462,0 -114.2168966171,44.924474158,0 -114.2184284102,44.9232496877,0 -114.2194059072,44.9221400915,0 -114.2204855802,44.9213604484,0 -114.2217514994,44.9208242582,0 -114.2230210226,44.9208185161,0 -114.224128608,44.921608385,0 -114.2249873343,44.922524275,0 -114.2252516894,44.9229897034,0 -114.2252149506,44.923078675,0 -114.2252150495,44.9231798417,0 -114.225240266,44.923269094,0 -114.2252738589,44.9233583421,0 -114.2253325754,44.9234416269,0 -114.2253829157,44.9235249158,0 -114.2254081384,44.923620119,0 -114.2254417318,44.9237093672,0 -114.2254753253,44.9237986153,0 -114.225525666,44.9238819041,0 -114.2255843834,44.9239651887,0 -114.2256514716,44.9240425182,0 -114.2257269366,44.9241198435,0 -114.2257689073,44.9242090873,0 -114.2258527432,44.9242804574,0 -114.2259700504,44.9243161048,0 -114.2260339432,44.9243187428,0 -114.2268885183,44.9255553811,0 -114.2280322297,44.9267208011,0 -114.2293982282,44.9278661041,0 -114.230323497,44.9278533399,0 -114.2303751699,44.9278808274,0 -114.2304958508,44.9279283706,0 -114.230533619,44.9279337155,0 -114.2305374726,44.9279366973,0 -114.2305626991,44.9280259486,0 -114.2306297986,44.9281032754,0 -114.2307210127,44.9281571898,0 -114.2307437306,44.9281947672,0 -114.2307515164,44.9282076457,0 -114.2307793058,44.9282536118,0 -114.2307940826,44.928278054,0 -114.2308109388,44.9283732607,0 -114.2308110407,44.9284684766,0 -114.2308613931,44.9285517633,0 -114.230995441,44.9285635927,0 -114.231062369,44.9284802425,0 -114.2310622667,44.9283850267,0 -114.2310454101,44.9282898199,0 -114.23103046,44.9282053814,0 -114.2310487127,44.9281566079,0 -114.2310067311,44.9280673658,0 -114.2309563789,44.9279840792,0 -114.2308641606,44.9279186682,0 -114.2307716508,44.927863988,0 -114.2307795806,44.9278470453,0 -114.2312812236,44.9278401199,0 -114.2328927289,44.9277376098,0 -114.2340422229,44.9266886976,0 -114.2351918008,44.9250636143,0 -114.2360391267,44.9236430491,0 -114.2368630686,44.9222485519,0 -114.2376574205,44.9208719917,0 -114.2387099365,44.9195716645,0 -114.2398989935,44.9183562043,0 -114.2417137598,44.9177916411,0 -114.243576805,44.9172577978,0 -114.2455216584,44.9170987926,0 -114.2474097669,44.9177600825,0 -114.2494129955,44.9186510724,0 -114.2510954578,44.9185799162,0 -114.2528257351,44.9184520091,0 -114.2544698454,44.9180900359,0 -114.2561257746,44.9176305397,0 -114.2569580448,44.9174045799,0 -114.2569838279,44.9174252963,0 -114.2571111746,44.9174490019,0 -114.2572385288,44.9174774682,0 -114.2573456567,44.9174250156,0 -114.2574125373,44.917344029,0 -114.2575331027,44.91731537,0 -114.2576002329,44.9173962522,0 -114.2576338754,44.9174866823,0 -114.2576742111,44.9175723462,0 -114.2577681146,44.9176341641,0 -114.2578954326,44.9176388254,0 -114.2580227506,44.9176434866,0 -114.2581298782,44.9175910332,0 -114.25819005,44.9175052905,0 -114.2583106079,44.9174718698,0 -114.2584244504,44.9174289326,0 -114.2585181539,44.9173622068,0 -114.2585314063,44.9172669791,0 -114.2585446587,44.9171717515,0 -114.2585847279,44.9170860244,0 -114.2586248899,44.9170216259,0 -114.258705126,44.9170063133,0 -114.2587437072,44.9170458157,0 -114.2588744004,44.9170671362,0 -114.2589245197,44.9169814011,0 -114.2589524458,44.9169615147,0 -114.2590067249,44.9169999954,0 -114.2591207005,44.9170427528,0 -114.2592479949,44.91703313,0 -114.2593618208,44.9169806701,0 -114.259442114,44.9169091933,0 -114.2594899561,44.9168565293,0 -114.2595196911,44.9168508543,0 -114.2614001715,44.9166788161,0 -114.2632317019,44.916949007,0 -114.2645224313,44.9179884039,0 -114.2657308508,44.9192922089,0 -114.2669501663,44.9205439629,0 -114.2683995658,44.9217225419,0 -114.2700364683,44.9227347828,0 -114.2718189637,44.9232244537,0 -114.27366248,44.9228932425,0 -114.2750832132,44.9223782163,0 -114.2760656283,44.9221538398,0 -114.2760894492,44.9221611947,0 -114.2761769384,44.9222532098,0 -114.2762629897,44.9223262088,0 -114.2763237133,44.9224192456,0 -114.2763844372,44.9225122825,0 -114.2764704891,44.9225852813,0 -114.2766071966,44.9226182039,0 -114.2767439044,44.9226511264,0 -114.2768567231,44.9227231029,0 -114.2769310653,44.9227584519,0 -114.2769398413,44.9227986223,0 -114.2769938472,44.9228751044,0 -114.2770241948,44.9228757494,0 -114.2770251706,44.9228757701,0 -114.2770580965,44.9228764699,0 -114.2771921154,44.9228733672,0 -114.2772338357,44.9227870364,0 -114.2772881262,44.9227036692,0 -114.2773416889,44.9226787152,0 -114.2773416854,44.9226768383,0 -114.2773360273,44.9226718273,0 -114.2773327601,44.9226286416,0 -114.2772988007,44.9225345832,0 -114.2772127478,44.922461585,0 -114.2771266952,44.9223885867,0 -114.2770406428,44.9223155884,0 -114.276979918,44.9222225519,0 -114.2769646539,44.9221802735,0 -114.2769688306,44.9221772982,0 -114.2770692404,44.9221200723,0 -114.2771293895,44.9220343191,0 -114.2771392666,44.9219414723,0 -114.2771089371,44.9218486637,0 -114.2769982617,44.9217916379,0 -114.2768675635,44.921777479,0 -114.2767647056,44.9217775763,0 -114.2766734202,44.9217193367,0 -114.276662812,44.9217002144,0 -114.2773038299,44.9182173547,0 -114.2779639887,44.9167045045,0 -114.278437902,44.916194675,0 -114.2785180817,44.916205277,0 -114.2786437379,44.9162170581,0 -114.2787777583,44.9162228799,0 -114.2788328094,44.9162251274,0 -114.2788673887,44.9162838696,0 -114.2788675665,44.916376707,0 -114.2788476428,44.9164695639,0 -114.2789081112,44.9165552017,0 -114.278998691,44.9166193862,0 -114.2791293919,44.9166406837,0 -114.2792600791,44.9166548398,0 -114.279380592,44.9166047333,0 -114.279470925,44.9165403734,0 -114.2795511934,44.9164688818,0 -114.2796012818,44.9163831368,0 -114.2795910522,44.9162903091,0 -114.2795808226,44.9161974814,0 -114.2797013343,44.9161473746,0 -114.2798117813,44.9160901362,0 -114.2798719196,44.9160043812,0 -114.2799924445,44.9159614154,0 -114.2801029047,44.915911318,0 -114.2802032864,44.9158469476,0 -114.2802533595,44.9157540609,0 -114.2803134968,44.9156683057,0 -114.280373634,44.9155825505,0 -114.2804538998,44.9155110582,0 -114.2805341654,44.9154395658,0 -114.2805842515,44.9153538203,0 -114.2805539193,44.9152610124,0 -114.2804432527,44.9152039902,0 -114.2803125961,44.9152041183,0 -114.2802122018,44.9152613475,0 -114.2801736657,44.9153273191,0 -114.2801159587,44.9152455938,0 -114.2800488055,44.9151682948,0 -114.2799565493,44.9151029225,0 -114.2798475655,44.9150494687,0 -114.2798429547,44.9150469557,0 -114.2798398635,44.9150189052,0 -114.2798698354,44.9149260382,0 -114.2799098715,44.9148403029,0 -114.279909692,44.9147474654,0 -114.2799095124,44.9146546279,0 -114.2798816646,44.9145955367,0 -114.2798815864,44.9145550602,0 -114.279881393,44.9144550813,0 -114.279861099,44.9143551221,0 -114.2797805306,44.9142695044,0 -114.2796598438,44.914226774,0 -114.2795594506,44.9142840026,0 -114.2794791855,44.9143554943,0 -114.2794501614,44.9143865211,0 -114.2794165061,44.9143765953,0 -114.2792757874,44.9143695907,0 -114.2792300086,44.9143804829,0 -114.279111432,44.9142267952,0 -114.2791447486,44.9141697599,0 -114.2792149498,44.9140911368,0 -114.2792248079,44.9139911483,0 -114.2791944786,44.91389834,0 -114.2791403438,44.9138380751,0 -114.2791791924,44.9138380374,0 -114.2792795805,44.9137784286,0 -114.2792626584,44.9136891781,0 -114.2791369732,44.9136595444,0 -114.2791035702,44.9136610604,0 -114.2791035186,44.9136341981,0 -114.2791033402,44.9135413606,0 -114.2791031619,44.9134485231,0 -114.2791029836,44.9133556857,0 -114.279022445,44.9132843502,0 -114.2789528391,44.9132529704,0 -114.2791610922,44.9124305301,0 -114.279410369,44.9110434089,0 -114.2795837908,44.9096608138,0 -114.2797621575,44.9082954016,0 -114.2800793284,44.9069519505,0 -114.2805695862,44.9056194783,0 -114.2813316681,44.9042178571,0 -114.282245044,44.9028232339,0 -114.2831634489,44.9014145287,0 -114.2840863808,44.8999191555,0 -114.2849033647,44.8984121303,0 -114.2857315846,44.8969731621,0 -114.2868517886,44.8959005459,0 -114.2862349131,44.8935678927,0 -114.2862106888,44.8919705956,0 -114.2861904885,44.8903783274,0 -114.2863023862,44.8887651043,0 -114.286836984,44.8871741351,0 -114.288132323,44.8859502929,0 -114.2889947346,44.885287695,0 -114.2891141926,44.8852940992,0 -114.2892346457,44.8852511217,0 -114.2893349777,44.8851938828,0 -114.2894051282,44.885115252,0 -114.2894451275,44.885029512,0 -114.2894951719,44.8849437613,0 -114.2895653218,44.8848651303,0 -114.2896399092,44.8847919874,0 -114.2897165871,44.8847330726,0 -114.2917843194,44.8839348633,0 -114.2936730976,44.8832801111,0 -114.2954793138,44.8824940139,0 -114.2973842421,44.8819392926,0 -114.2979401569,44.8803102764,0 -114.2975426026,44.8787360713,0 -114.2970872132,44.8772976943,0 -114.2960776968,44.8760613632,0 -114.2951399294,44.8748558782,0 -114.294207023,44.8737031992,0 -114.2932591126,44.8725725642,0 -114.2923932622,44.8714458682,0 -114.2916786208,44.8702451611,0 -114.2915134126,44.869028025,0 -114.2919404704,44.8678017519,0 -114.2932679965,44.8669004457,0 -114.2969832761,44.8660681643,0 -114.2998967426,44.865818341,0 -114.302075702,44.8654075437,0 -114.3041519833,44.8648049685,0 -114.3061064765,44.8640982062,0 -114.3078898097,44.863281222,0 -114.3095348429,44.8624039718,0 -114.311088093,44.8614436155,0 -114.3125804911,44.8604481803,0 -114.3139884832,44.8594188821,0 -114.3153312643,44.8583733239,0 -114.3166682614,44.8573364817,0 -114.3179964584,44.8563490934,0 -114.3193084775,44.8553105332,0 -114.3205941776,44.854352691,0 -114.3218531397,44.8534507978,0 -114.3232451228,44.8526050216,0 -114.324787225,44.8519019064,0 -114.3262353671,44.8511336202,0 -114.3274253452,44.850227746,0 -114.3282146691,44.8490481608,0 -114.3284909369,44.8478582237,0 -114.3280466956,44.8465451146,0 -114.3279183854,44.8455115465,0 -114.3278859303,44.8452501105,0 -114.3277696731,44.8440572814,0 -114.3278304419,44.8428898083,0 -114.3280733487,44.8417515042,0 -114.3285449146,44.8407074121,0 -114.3293320596,44.8397825529,0 -114.3300863856,44.8390584678,0 -114.3303272426,44.8388272667,0 -114.3312039896,44.8379061796,0 -114.3321336266,44.8368925974,0 -114.3331563866,44.8358345502,0 -114.3343293497,44.834772101,0 -114.3354127107,44.8336542488,0 -114.3363775397,44.8328121646,0 -114.3364583534,44.8310923195,0 -114.3368845733,44.8298564493,0 -114.3373623411,44.8286438402,0 -114.338020069,44.827442503,0 -114.338695315,44.8263053718,0 -114.3393971319,44.8250929717,0 -114.3397247797,44.8238394575,0 -114.3399086785,44.8225786934,0 -114.3395450713,44.8217410483,0 -114.3385415898,44.8204559763,0 -114.3369374603,44.8193841824,0 -114.3359867549,44.8180142483,0 -114.3337871214,44.8175208025,0 -114.3321503029,44.8166797196,0 -114.3305916034,44.8158200307,0 -114.3300863813,44.8154575147,0 -114.329256701,44.8148621887,0 -114.3281237196,44.8137744267,0 -114.3284583584,44.8127228136,0 -114.3273630529,44.8110898805,0 -114.3265663605,44.8099853455,0 -114.3256257431,44.8088054665,0 -114.3245115357,44.8077457425,0 -114.3232694213,44.8068250325,0 -114.3219382909,44.8061091346,0 -114.3206136985,44.8054789407,0 -114.319120355,44.8040800877,0 -114.3178314278,44.8042757258,0 -114.3161929975,44.804640542,0 -114.3149833212,44.8041826381,0 -114.3138567089,44.8035733581,0 -114.3128774515,44.8027935472,0 -114.3122890412,44.8018392261,0 -114.3125833301,44.800754565,0 -114.3125769589,44.7996659239,0 -114.3121768906,44.7986133239,0 -114.3114253693,44.7975003748,0 -114.3098814218,44.7966474749,0 -114.3070686222,44.7963890191,0 -114.3050453977,44.7958987193,0 -114.3036918043,44.7953907764,0 -114.3020535609,44.7946142354,0 -114.2998854973,44.7939265006,0 -114.2977284978,44.7933803777,0 -114.2960354364,44.7930634999,0 -114.2939536229,44.7928670281,0 -114.2919169876,44.7933276973,0 -114.2902515874,44.7937746205,0 -114.2882972621,44.7940775007,0 -114.2863125947,44.7942427089,0 -114.2843394943,44.7941347921,0 -114.2808024016,44.7941266004,0 -114.2806583165,44.7940711124,0 -114.2806386195,44.7939994044,0 -114.2806210175,44.7939239674,0 -114.2805807835,44.7938443394,0 -114.2805331745,44.7938135774,0 -114.2804984735,44.7937940474,0 -114.2804910974,44.7937551554,0 -114.2804684664,44.7937183164,0 -114.2804330954,44.7936550334,0 -114.2803835574,44.7935598984,0 -114.2803425704,44.7934280934,0 -114.2803073663,44.7933504354,0 -114.2802797063,44.7932629284,0 -114.2802198593,44.7931758824,0 -114.2801703213,44.7930830104,0 -114.2801357882,44.7929794934,0 -114.2800853292,44.7928580813,0 -114.2800770312,44.7927801723,0 -114.2800606862,44.7927306353,0 -114.2800444252,44.7926815593,0 -114.2800359592,44.7926261543,0 -114.2799694911,44.7925600633,0 -114.2799352931,44.7925180703,0 -114.2799012621,44.7924219293,0 -114.2798886901,44.7923613283,0 -114.2798518091,44.7922996383,0 -114.279787604,44.7922496813,0 -114.279763297,44.7921819143,0 -114.27971267,44.7921346393,0 -114.279672856,44.7920857313,0 -114.27963958,44.7920443253,0 -114.2795920539,44.7919959613,0 -114.2795223169,44.7919150763,0 -114.2794985959,44.7918231683,0 -114.2794622189,44.7917267343,0 -114.2794292779,44.7916576683,0 -114.2793809978,44.7915623653,0 -114.2793541758,44.7914885213,0 -114.2793267668,44.7914226813,0 -114.2793230788,44.7913473693,0 -114.2792723677,44.7912658973,0 -114.2792740447,44.7911616683,0 -114.2793182167,44.7910644803,0 -114.2793191397,44.7909958743,0 -114.2793050577,44.7909340582,0 -114.2792904737,44.7908626862,0 -114.2792680087,44.7907849862,0 -114.2792758046,44.7907180142,0 -114.2792730386,44.7906511262,0 -114.2792525866,44.7906190242,0 -114.2792407686,44.7905821432,0 -114.2792273576,44.7905502082,0 -114.2792095036,44.7905093882,0 -114.2791734526,44.7904334062,0 -114.2791721206,44.7904305992,0 -114.2791634876,44.7903970712,0 -114.2791482325,44.7902758692,0 -114.2790896425,44.7901542472,0 -114.2790551095,44.7900686682,0 -114.2790319745,44.7899950332,0 -114.2790188984,44.7898940732,0 -114.2790088404,44.7897877912,0 -114.2790230064,44.7897082472,0 -114.2790402734,44.7896171772,0 -114.2790489894,44.7895402731,0 -114.2790528464,44.7894634111,0 -114.2790287054,44.7893812681,0 -114.2790361663,44.7892965691,0 -114.2790354953,44.7892134621,0 -114.2790785783,44.7891148081,0 -114.2791368323,44.7890243661,0 -114.2791446283,44.7889308251,0 -114.2790896423,44.7888262181,0 -114.2789824382,44.7887366161,0 -114.2788635822,44.7886499051,0 -114.2787539471,44.7885262721,0 -114.2786369361,44.7883970651,0 -114.2785614981,44.7882999191,0 -114.278519169,44.7882583861,0 -114.278494946,44.7882181951,0 -114.278435351,44.7881560431,0 -114.278421018,44.7881282581,0 -114.278396542,44.7880936401,0 -114.278391681,44.7880662311,0 -114.278425293,44.7880311111,0 -114.278425544,44.7879864771,0 -114.278427723,44.7879121721,0 -114.278458401,44.7878490981,0 -114.2784433969,44.787714862,0 -114.2783625959,44.787604179,0 -114.2783176689,44.787514032,0 -114.2782770168,44.787447186,0 -114.2782781898,44.787389141,0 -114.2782796988,44.787349998,0 -114.2782882478,44.787310309,0 -114.2782996478,44.787284829,0 -114.2783268878,44.787258425,0 -114.2783213568,44.787233321,0 -114.2783351028,44.787212492,0 -114.2783703068,44.787173643,0 -114.2783911778,44.787151682,0 -114.2784444868,44.787143929,0 -114.2784739078,44.787133409,0 -114.2785108718,44.787048709,0 -114.2785341728,44.786975284,0 -114.2785135538,44.786875204,0 -114.2784933528,44.786799893,0 -114.2784829598,44.78672718,0 -114.2784915087,44.7866538789,0 -114.2784854737,44.7865789459,0 -114.2784729847,44.7865014549,0 -114.2784928497,44.7864389679,0 -114.2784992197,44.7864030929,0 -114.2785056747,44.7863733789,0 -114.2785074347,44.7863427009,0 -114.2785103677,44.7862738439,0 -114.2785353467,44.7862160089,0 -114.2785404587,44.7861628679,0 -114.2785429917,44.7861351289,0 -114.2785446107,44.7861174009,0 -114.2785626717,44.7861018059,0 -114.2785514396,44.7860769539,0 -114.2786354267,44.7860116589,0 -114.2786682826,44.7859474109,0 -114.2787048286,44.7858793919,0 -114.2787245256,44.7858070558,0 -114.2787263696,44.7857604518,0 -114.2787207546,44.7857138068,0 -114.2787158086,44.7856412618,0 -114.2787531086,44.7855700158,0 -114.2787774156,44.7854914768,0 -114.2787942636,44.7854179258,0 -114.2788011366,44.7853424888,0 -114.2788466506,44.7852876298,0 -114.2789078386,44.7852444208,0 -114.2790090916,44.7851919078,0 -114.2791227506,44.7851353718,0 -114.2791831836,44.7850571687,0 -114.2791973496,44.7849177777,0 -114.2792655785,44.7847638437,0 -114.2793149465,44.7846511077,0 -114.2793181325,44.7845558047,0 -114.2793386675,44.7844528747,0 -114.2793747935,44.7843400967,0 -114.2794060585,44.7842323896,0 -114.2794427705,44.7841248076,0 -114.2794405914,44.7840165556,0 -114.2794345564,44.7839081356,0 -114.2794348084,44.7837720546,0 -114.2794512364,44.7836530316,0 -114.2794786454,44.7835843006,0 -114.2794995994,44.7834744556,0 -114.2795136813,44.7833822966,0 -114.2795447783,44.7832835165,0 -114.2795433543,44.7832113055,0 -114.2794866923,44.7831736295,0 -114.2794275163,44.7831215775,0 -114.2793928983,44.7830358725,0 -114.2793524982,44.7829463115,0 -114.2793143602,44.7828704555,0 -114.2793122652,44.7828021435,0 -114.2793195562,44.7827458585,0 -114.2792914772,44.7826898255,0 -114.2792544292,44.7826342115,0 -114.2792325531,44.7825804415,0 -114.2791951691,44.7825295635,0 -114.2791380891,44.7824859355,0 -114.2790893061,44.7824438585,0 -114.278925453,44.7822954065,0 -114.278738799,44.7821770135,0 -114.2786283619,44.7821069635,0 -114.2764076953,44.7811629577,0 -114.2746940988,44.7803719577,0 -114.2714778781,44.7797636,0 -114.2675308416,44.775845687,0 -114.2659426601,44.7751808731,0 -114.2636564624,44.7736881722,0 -114.2615264229,44.7730591893,0 -114.2592412322,44.7720464934,0 -114.2575967198,44.7713429455,0 -114.2562883745,44.7710025806,0 -114.2552527612,44.7707671747,0 -114.2544828321,44.7707542598,0 -114.253925716,44.7710841579,0 -114.2533952939,44.7712616119,0 -114.2533380401,44.772291267,0 -114.2533101544,44.7736146851,0 -114.2531818184,44.7738760062,0 -114.2538034486,44.7744744202,0 -114.2537095398,44.7754619733,0 -114.2532411457,44.7755693113,0 -114.25417173,44.7762972263,0 -114.2536038929,44.7763705364,0 -114.2527999697,44.7761726904,0 -114.253208749,44.7771508205,0 -114.2539016894,44.7786630305,0 -114.2541848777,44.7799698266,0 -114.254459678,44.7810040457,0 -114.2548420852,44.7821956458,0 -114.2548415734,44.7831582128,0 -114.2560098278,44.7841345968,0 -114.2554618188,44.7844766619,0 -114.2546191857,44.78462125,0 -114.2535260184,44.7844542821,0 -114.2526829663,44.7846390612,0 -114.2519463642,44.7849367873,0 -114.2511669311,44.7851915964,0 -114.2502439159,44.7854269605,0 -114.2492949168,44.7856523926,0 -114.2482190156,44.7859108067,0 -114.2476819026,44.7860846468,0 -114.2473298626,44.7865924649,0 -114.2479405688,44.7871205668,0 -114.2488128731,44.7877104428,0 -114.2495773033,44.7882669598,0 -114.2505007376,44.7887671918,0 -114.2514821749,44.7892912697,0 -114.2523130732,44.7898730997,0 -114.2528764214,44.7905197637,0 -114.2533924116,44.7912563647,0 -114.2539027019,44.7919754907,0 -114.254269494,44.7924304607,0 -114.2546414832,44.7928739047,0 -114.2550643503,44.7932963527,0 -114.2554473195,44.7937112147,0 -114.2557991086,44.7941220957,0 -114.2558253766,44.7941556175,0 -114.2557591878,44.7941965582,0 -114.2557392749,44.7942870324,0 -114.2557728519,44.7943774629,0 -114.2558295422,44.7944035165,0 -114.2558212217,44.7944283279,0 -114.2559266226,44.794485373,0 -114.2560420301,44.794528127,0 -114.2561168321,44.7945280657,0 -114.256539734,44.7951494658,0 -114.2568994852,44.7957918128,0 -114.2573409604,44.7963724698,0 -114.2577459745,44.7969053068,0 -114.2574347505,44.7972974849,0 -114.2575013307,44.7978301819,0 -114.2590958661,44.7987162018,0 -114.2595500122,44.7986446358,0 -114.2601150364,44.7989843128,0 -114.2605109176,44.7994950818,0 -114.2608647947,44.7998831238,0 -114.261715142,44.8003838807,0 -114.2622903082,44.8008203257,0 -114.2624590803,44.8015730138,0 -114.2631192785,44.8019373407,0 -114.2633182657,44.8025885728,0 -114.2633584988,44.8032185148,0 -114.2631023479,44.8037179919,0 -114.2624895468,44.804059178,0 -114.2618308226,44.803889985,0 -114.2611410614,44.8033558101,0 -114.2605198442,44.8031942081,0 -114.2599079811,44.8032241382,0 -114.2595355161,44.8032233692,0 -114.2593190911,44.8034246262,0 -114.2583999319,44.8035261723,0 -114.2575617407,44.8035283524,0 -114.2569963815,44.8031660444,0 -114.2566242244,44.8026323264,0 -114.2561063072,44.8022400534,0 -114.25541086,44.8021054405,0 -114.2546357019,44.8020066595,0 -114.2539303647,44.8018534386,0 -114.2532987035,44.8016060886,0 -114.2526348573,44.8013253787,0 -114.2521077192,44.8009314297,0 -114.251760959,44.8004635517,0 -114.2512964339,44.8000972627,0 -114.2506300727,44.7999887587,0 -114.2498740245,44.7999015448,0 -114.2491540194,44.7997321049,0 -114.2484998953,44.7999421969,0 -114.2482812954,44.800719787,0 -114.2479906954,44.8014211001,0 -114.2476600285,44.8020818882,0 -114.2472256785,44.8028028573,0 -114.2467127066,44.8035250844,0 -114.2460305036,44.8041867515,0 -114.2452240805,44.8048107847,0 -114.2443776755,44.8053989008,0 -114.2435916204,44.8059766239,0 -114.2430094134,44.806524633,0 -114.2427408574,44.8070440171,0 -114.2428789076,44.8075846501,0 -114.2432194647,44.8081277972,0 -114.2434846679,44.8087997332,0 -114.2436303461,44.8095149192,0 -114.2434948102,44.8101946913,0 -114.2430434452,44.8108121024,0 -114.2420028321,44.8111243285,0 -114.2411341029,44.8111376986,0 -114.2410675319,44.8114502937,0 -114.2404348289,44.8120763028,0 -114.240132075,44.8127899809,0 -114.239583647,44.813448798,0 -114.239137981,44.8140602161,0 -114.2390658282,44.8142948597,0 -114.2389992578,44.8142973872,0 -114.2388656772,44.8143024589,0 -114.2387335217,44.8143265468,0 -114.2385999411,44.8143316181,0 -114.2384973512,44.8143927247,0 -114.2383666201,44.8144358288,0 -114.2382373136,44.8144979493,0 -114.2382711538,44.8145920179,0 -114.2383570018,44.8146650415,0 -114.2384681414,44.8147180344,0 -114.2386059976,44.8147700129,0 -114.2387424291,44.8148029747,0 -114.2388760108,44.8147979032,0 -114.2390363087,44.8147918173,0 -114.2390525932,44.8147934993,0 -114.2390626282,44.8148548621,0 -114.2396730823,44.8151218681,0 -114.2405274495,44.815183601,0 -114.2411323717,44.815363644,0 -114.2420074429,44.8156612429,0 -114.2429140291,44.8157891509,0 -114.2439681373,44.8155236127,0 -114.2449059053,44.8148350806,0 -114.2458098094,44.8143763805,0 -114.2468791726,44.8141567334,0 -114.2472070287,44.8142937613,0 -114.2477653637,44.8141464593,0 -114.2485842199,44.8139701522,0 -114.2495372421,44.8139690621,0 -114.2504945403,44.814121613,0 -114.2514125265,44.814479352,0 -114.2522312708,44.8149992819,0 -114.252909786,44.8154508149,0 -114.2538325502,44.8157456058,0 -114.2547045195,44.8159881368,0 -114.2554795107,44.8162986857,0 -114.2559671699,44.8168720497,0 -114.2565181961,44.8175161998,0 -114.2575630014,44.8178652637,0 -114.2582911187,44.8186890147,0 -114.2589647239,44.8189990367,0 -114.2603724841,44.8186888975,0 -114.2615692902,44.8181607803,0 -114.2624859913,44.8178576292,0 -114.2632329084,44.8171316861,0 -114.2640162294,44.816483255,0 -114.2650832456,44.8164328789,0 -114.2658963748,44.8168062088,0 -114.266603388,44.8170135358,0 -114.2673927962,44.8169705787,0 -114.2680949483,44.8167823206,0 -114.2681964631,44.8164942893,0 -114.2682745417,44.8165314876,0 -114.2683604315,44.8166044896,0 -114.2685011903,44.8166944655,0 -114.2686137976,44.8167664462,0 -114.2686996881,44.816839448,0 -114.2688108611,44.816892412,0 -114.2689530562,44.8170014038,0 -114.2690403825,44.8170934218,0 -114.2692121658,44.8172394248,0 -114.2692980578,44.8173124261,0 -114.2694121024,44.8174034224,0 -114.26949943,44.8174954401,0 -114.2696416278,44.8176044311,0 -114.2697275209,44.8176774322,0 -114.2698386964,44.8177303953,0 -114.2699513075,44.8178023747,0 -114.2700624835,44.8178553376,0 -114.2701736597,44.8179083004,0 -114.2702848361,44.817961263,0 -114.2703960127,44.8180142256,0 -114.2705324717,44.81804715,0 -114.2706183665,44.8181201505,0 -114.2707548259,44.8181530746,0 -114.2708941567,44.8182240314,0 -114.2710053344,44.8182769934,0 -114.2711417944,44.8183099171,0 -114.2712782545,44.8183428406,0 -114.2714147149,44.818375764,0 -114.2715258934,44.8184287255,0 -114.2716370721,44.8184816869,0 -114.271748251,44.8185346482,0 -114.271884712,44.818567571,0 -114.2720211733,44.8186004937,0 -114.2721561987,44.8186143998,0 -114.2722897881,44.8186092894,0 -114.2724190693,44.8185471297,0 -114.2725216323,44.818485992,0 -114.2726523491,44.8184428483,0 -114.2727859381,44.8184377373,0 -114.2729195271,44.8184326262,0 -114.2730798339,44.8184264926,0 -114.2732105502,44.8183833483,0 -114.273344139,44.8183782366,0 -114.2735030092,44.818353086,0 -114.2736351615,44.8183289577,0 -114.2737687502,44.8183238455,0 -114.2739023389,44.8183187332,0 -114.2740612087,44.8182935818,0 -114.2741947974,44.8182884691,0 -114.2743269493,44.8182643399,0 -114.2744858188,44.8182391879,0 -114.2746179704,44.8182150584,0 -114.2748021205,44.818169867,0 -114.2749342719,44.818145737,0 -114.2750945778,44.8181396006,0 -114.275226729,44.8181154703,0 -114.2753855978,44.8180903171,0 -114.2755444664,44.8180651636,0 -114.2756780544,44.8180600492,0 -114.2758116425,44.8180549346,0 -114.2759437933,44.8180308035,0 -114.2760759439,44.8180066722,0 -114.2762080945,44.8179825408,0 -114.2763669625,44.8179573862,0 -114.2764991129,44.8179332544,0 -114.2766327006,44.8179281389,0 -114.2767662883,44.8179230232,0 -114.2768998759,44.8179179073,0 -114.2770334636,44.8179127913,0 -114.2771360208,44.8178516493,0 -114.2772681706,44.8178275166,0 -114.2773707275,44.8177663744,0 -114.2775014393,44.8177232251,0 -114.2776039957,44.8176620826,0 -114.2776502415,44.8175649541,0 -114.2776697698,44.8174688489,0 -114.2777160153,44.8173717203,0 -114.2777088262,44.8172766386,0 -114.2777016372,44.8171815568,0 -114.2776142967,44.8170895451,0 -114.2775522358,44.8169774936,0 -114.2774634581,44.8168664655,0 -114.2774013977,44.816754414,0 -114.2773674922,44.8166603555,0 -114.27730687,44.8165673203,0 -114.2772433725,44.8164362523,0 -114.2772094675,44.8163421938,0 -114.2771755625,44.8162481352,0 -114.2771683743,44.8161530534,0 -114.2771344695,44.8160589949,0 -114.2771272815,44.815963913,0 -114.2771200934,44.8158688312,0 -114.2771129054,44.8157737494,0 -114.2771324338,44.8156776443,0 -114.2772039575,44.8155604763,0 -114.2772502021,44.8154633478,0 -114.2772964466,44.8153662194,0 -114.2773426909,44.8152690909,0 -114.2773355025,44.8151740091,0 -114.2773817466,44.8150768806,0 -114.2773998366,44.8149617591,0 -114.2773926482,44.8148666772,0 -114.2774121758,44.8147705721,0 -114.2774296585,44.8146593143,0 -114.2780325888,44.8146631895,0 -114.278774584,44.8147588024,0 -114.2798133533,44.8152130174,0 -114.2808341856,44.8156538213,0 -114.2817468918,44.8160517943,0 -114.2827853261,44.8164412592,0 -114.2837422883,44.8167215501,0 -114.2843474615,44.8170750151,0 -114.2847872597,44.8173309561,0 -114.2848642057,44.8176749501,0 -114.2849619388,44.8181054861,0 -114.2846735579,44.8185380542,0 -114.285075925,44.8191060092,0 -114.2862210264,44.8199980232,0 -114.2884100151,44.8210855901,0 -114.2896468733,44.821269881,0 -114.2920718907,44.8203914827,0 -114.2927350858,44.8204048426,0 -114.29288165,44.8214201667,0 -114.2955981626,44.8217130525,0 -114.296714303,44.8228699045,0 -114.2949702309,44.8239237617,0 -114.2952068641,44.8249061028,0 -114.2948378303,44.8261350069,0 -114.2950351503,44.8262279649,0 -114.2949179065,44.827130481,0 -114.2955329636,44.8269692949,0 -114.2971788349,44.8272930498,0 -114.2964187481,44.82878709,0 -114.2958011441,44.8298118212,0 -114.2955497441,44.8298858152,0 -114.295487004,44.8299366071,0 -114.2954766994,44.8299360549,0 -114.2953613777,44.8299754657,0 -114.2953716241,44.8300682935,0 -114.2953718347,44.8301611328,0 -114.2953620095,44.8302539836,0 -114.295462497,44.8303110001,0 -114.2954889765,44.8303172473,0 -114.2956441473,44.830944878,0 -114.295569422,44.8309928905,0 -114.2954691926,44.8310501378,0 -114.2953589109,44.831100255,0 -114.2952335428,44.8311361064,0 -114.295143365,44.8312004833,0 -114.2951485931,44.8312933168,0 -114.295188931,44.8313789685,0 -114.295314413,44.8313931076,0 -114.2954448806,44.8313929577,0 -114.2955703952,44.8314213795,0 -114.2956959098,44.8314498011,0 -114.2957744868,44.8314720619,0 -114.2957870875,44.8315230273,0 -114.2959009147,44.8327213464,0 -114.2960112209,44.8339506785,0 -114.2960294932,44.8352772406,0 -114.2955334524,44.8366635658,0 -114.2948235055,44.838004712,0 -114.2940086165,44.8392920892,0 -114.2933667405,44.8397313623,0 -114.2931254156,44.8405464824,0 -114.2926704766,44.8407790084,0 -114.2920672846,44.8416887266,0 -114.2907811645,44.8425985408,0 -114.2893176843,44.843175174,0 -114.287443742,44.8431792811,0 -114.2857155606,44.8430404353,0 -114.2841069052,44.8426635014,0 -114.2827514678,44.8420377085,0 -114.2815832814,44.8411280625,0 -114.2807989861,44.8401681245,0 -114.2799861928,44.8392778405,0 -114.2792584755,44.8383896525,0 -114.2787892562,44.8374447184,0 -114.278643579,44.8363475694,0 -114.2790334209,44.8354858252,0 -114.2793774978,44.8345287381,0 -114.2791479175,44.8335672921,0 -114.2783314362,44.8327398721,0 -114.2770907459,44.8320908191,0 -114.2757717695,44.8315578982,0 -114.2744387952,44.8310705743,0 -114.2730639118,44.8306872704,0 -114.2716924002,44.8304982164,0 -114.2716917608,44.8304897834,0 -114.2717049736,44.8303993128,0 -114.2718119237,44.8303468417,0 -114.2717582406,44.8302611951,0 -114.2716577777,44.8302041582,0 -114.2715306768,44.8302137996,0 -114.2715040829,44.8303042827,0 -114.2715377031,44.8303947092,0 -114.2715445614,44.8304851608,0 -114.2715087157,44.8305213983,0 -114.2703361883,44.8307398246,0 -114.2692597002,44.8314461258,0 -114.2684808542,44.8322103039,0 -114.2681370031,44.8319176699,0 -114.2681283911,44.8319124768,0 -114.2681289945,44.8318285867,0 -114.2681301718,44.8317331858,0 -114.2680333761,44.8316713266,0 -114.2679067625,44.8316582844,0 -114.267845781,44.8317380907,0 -114.2678457324,44.8317420285,0 -114.2677591029,44.831689789,0 -114.2617006216,44.8309297955,0 -114.262693523,44.8321795435,0 -114.2625651902,44.8329478016,0 -114.2617894725,44.83313146,0 -114.2617551553,44.8330584948,0 -114.2616346738,44.8330300319,0 -114.2615442407,44.8329658364,0 -114.261473856,44.8328873409,0 -114.261363375,44.8328374451,0 -114.2612629184,44.8327803992,0 -114.2611223895,44.8327662356,0 -114.2610020043,44.8327949032,0 -114.260911787,44.832859252,0 -114.2608617495,44.832944991,0 -114.2608619164,44.8330449703,0 -114.2608620713,44.8331378083,0 -114.2607919494,44.8332164228,0 -114.260777234,44.833228085,0 -114.2598613217,44.8331382238,0 -114.2576610503,44.8335387811,0 -114.2578635795,44.8343993651,0 -114.2575691226,44.8354432472,0 -114.2581649089,44.8364701983,0 -114.2594284813,44.8371053372,0 -114.2602385086,44.8377264782,0 -114.2609570898,44.8382143462,0 -114.261428572,44.8389486432,0 -114.2615950362,44.8397537673,0 -114.2614925263,44.8405551193,0 -114.2611512154,44.8414129234,0 -114.2601849493,44.8418450946,0 -114.2589565811,44.8418097647,0 -114.2576290548,44.8416895678,0 -114.2568690676,44.8415335389,0 -114.2560384203,44.8408041879,0 -114.255496446,44.8399351938,0 -114.2550664548,44.8389448298,0 -114.2546619435,44.8379415997,0 -114.2543057963,44.8369161577,0 -114.253958534,44.8358399216,0 -114.2535548607,44.8348671596,0 -114.2528769324,44.8339782166,0 -114.2519638071,44.8332758976,0 -114.2512736419,44.8329409986,0 -114.2505939527,44.8326499367,0 -114.2499468696,44.8324090407,0 -114.2493045644,44.8321811787,0 -114.2486414712,44.8319579688,0 -114.2480346221,44.8317412128,0 -114.2475150279,44.8314630598,0 -114.2471043978,44.8311566168,0 -114.2468551196,44.8306199238,0 -114.2469230975,44.8300085058,0 -114.2471202234,44.8294012307,0 -114.2468295533,44.8287468367,0 -114.2455293539,44.8282626807,0 -114.2447370956,44.8275094417,0 -114.2439916933,44.8267166387,0 -114.243253917,44.8259109287,0 -114.2425061677,44.8250770547,0 -114.2417264824,44.8242289317,0 -114.2409699321,44.8233642547,0 -114.2402371018,44.8224654217,0 -114.2394749345,44.8215289117,0 -114.2386284461,44.8206346887,0 -114.2374974758,44.8199098637,0 -114.2361279564,44.8192587148,0 -114.234710827,44.8184790729,0 -114.2333418946,44.817848209,0 -114.2320478122,44.817267762,0 -114.2309729999,44.8167565501,0 -114.2299206516,44.8160741371,0 -114.2289677972,44.8153311231,0 -114.2280234079,44.8146024012,0 -114.2268105456,44.8141490232,0 -114.2254875463,44.8140227923,0 -114.2251162652,44.8138403854,0 -114.2244799232,44.8138068127,0 -114.224474004,44.8137275568,0 -114.2245076868,44.8136404657,0 -114.2244316992,44.8135646759,0 -114.2243734136,44.813527376,0 -114.2244024679,44.8134790198,0 -114.2244190948,44.8133897446,0 -114.2244142153,44.8133638436,0 -114.2244184723,44.8133614157,0 -114.2244635779,44.813342497,0 -114.2244711796,44.8133403279,0 -114.2246049217,44.813316452,0 -114.2247135572,44.813268785,0 -114.2246967418,44.8131795278,0 -114.2246624199,44.8131551338,0 -114.2247057696,44.8130756099,0 -114.2246321173,44.8129994756,0 -114.2245918917,44.8129090406,0 -114.2245048732,44.8128424351,0 -114.2244178449,44.8127663078,0 -114.2243040987,44.8127235207,0 -114.2241770211,44.8127235884,0 -114.2240968365,44.812795044,0 -114.2240032651,44.812856985,0 -114.2239565367,44.8129427054,0 -114.2239432547,44.8130331689,0 -114.2239433493,44.8131236252,0 -114.2239147874,44.8132092977,0 -114.2238535265,44.8132218323,0 -114.2237576026,44.8132826725,0 -114.2238040663,44.8133667311,0 -114.2238349403,44.8133727813,0 -114.2238422912,44.8134555131,0 -114.2238841931,44.8135507083,0 -114.2239458187,44.8135945088,0 -114.2239334395,44.8136192858,0 -114.2239503808,44.8137116127,0 -114.2239886759,44.8137808926,0 -114.2237623009,44.8137689475,0 -114.2226019918,44.8143230206,0 -114.2224782937,44.8139821376,0 -114.2220965446,44.8138858537,0 -114.2214238135,44.8141216607,0 -114.2213065486,44.8146435858,0 -114.2212381087,44.8151991328,0 -114.2222044769,44.8153835338,0 -114.2227465792,44.8161542688,0 -114.2229054524,44.8172945189,0 -114.2232039886,44.8181864729,0 -114.2241476988,44.8182669698,0 -114.224468642,44.8189324089,0 -114.2245990652,44.8196005719,0 -114.2245229038,44.8198261624,0 -114.2244111228,44.8198341782,0 -114.2243041568,44.8198913654,0 -114.2242774999,44.8199865967,0 -114.2243712176,44.8200531991,0 -114.224440702,44.8200696427,0 -114.2244149142,44.820146025,0 -114.2237542532,44.8203926201,0 -114.222806763,44.8203916562,0 -114.2214418527,44.8203095973,0 -114.2200599284,44.8203944644,0 -114.2190334804,44.8211824896,0 -114.2183553844,44.8221002237,0 -114.2177200365,44.8230987189,0 -114.2171141925,44.824130405,0 -114.2164859686,44.8250852302,0 -114.2158369586,44.8260431143,0 -114.2151987597,44.8269534305,0 -114.2146479857,44.8278890186,0 -114.2142962808,44.8287923787,0 -114.2142475284,44.8292751032,0 -114.2141314619,44.829275154,0 -114.2140512454,44.8293513623,0 -114.2139844172,44.8294370864,0 -114.2139309693,44.8295228047,0 -114.2139176706,44.8296180271,0 -114.2139578856,44.8297037046,0 -114.2140783426,44.8297417388,0 -114.2141987997,44.8297797728,0 -114.214218061,44.8297843323,0 -114.2144481612,44.8306848449,0 -114.2150043005,44.8316066029,0 -114.2157926188,44.8324582039,0 -114.2166800111,44.8333375079,0 -114.2174748212,44.8342614146,0 -114.2173091953,44.8343890727,0 -114.2173152716,44.8345986995,0 -114.2176128054,44.8350132857,0 -114.2180240992,44.8352454421,0 -114.2185972891,44.836382025,0 -114.2186421323,44.8375347461,0 -114.2183066885,44.8386456832,0 -114.2173769684,44.8392661964,0 -114.2162225282,44.8397329425,0 -114.2149954181,44.8401193487,0 -114.2136398119,44.8404017768,0 -114.2123251106,44.8405861789,0 -114.2109075624,44.8406280461,0 -114.2095418151,44.8405718042,0 -114.2084991331,44.840379358,0 -114.2084933931,44.8403701827,0 -114.2084933211,44.8402749665,0 -114.2083728393,44.8402274044,0 -114.2082658194,44.840284575,0 -114.208224544,44.8403286758,0 -114.2081598908,44.8403167423,0 -114.2067932204,44.8398592164,0 -114.205562086,44.8391147774,0 -114.2044713486,44.8382199255,0 -114.2035430533,44.8371944415,0 -114.2028383859,44.8360778044,0 -114.2022374866,44.8349017814,0 -114.2017965143,44.8337102943,0 -114.201462831,44.8324205292,0 -114.2014440547,44.8311379721,0 -114.2013642595,44.829833035,0 -114.2016448013,44.8285939799,0 -114.2021597852,44.8273045497,0 -114.202635207,44.8259954226,0 -114.2029760148,44.8246747694,0 -114.2030784416,44.8233932603,0 -114.2015979452,44.8227556484,0 -114.2009255196,44.8225682529,0 -114.2009254828,44.8225108811,0 -114.2009388036,44.8224204214,0 -114.2009186777,44.8223299725,0 -114.2008049316,44.822287162,0 -114.2006778282,44.8222776814,0 -114.2005507399,44.8222920047,0 -114.2005025572,44.82229563,0 -114.2004594651,44.8222545084,0 -114.2003371064,44.8222305067,0 -114.2003033247,44.8221364285,0 -114.2002962631,44.822041345,0 -114.2001724927,44.8219983265,0 -114.2000367748,44.821974827,0 -114.1999024692,44.8219703441,0 -114.1998949837,44.8219683058,0 -114.1998949423,44.821901827,0 -114.1997745144,44.8218685392,0 -114.1997009795,44.8219447352,0 -114.1997010035,44.8219834808,0 -114.1996767623,44.8219979037,0 -114.199657103,44.8220939922,0 -114.1996849502,44.8221444084,0 -114.1996743902,44.8222161097,0 -114.1996686179,44.8223157599,0 -114.1986193515,44.8222798926,0 -114.1968995524,44.8233741919,0 -114.1953932402,44.8241365681,0 -114.1939211271,44.8248280333,0 -114.1931767204,44.8251052192,0 -114.1930997386,44.8250419631,0 -114.1930265904,44.8249588965,0 -114.1929928193,44.8248648164,0 -114.1929857696,44.8247697328,0 -114.1929913755,44.8246646391,0 -114.1929315884,44.8245810708,0 -114.1928092285,44.824557061,0 -114.1926861637,44.8245235427,0 -114.192553263,44.8245380677,0 -114.1925195254,44.8246251479,0 -114.1925265744,44.8247202315,0 -114.1924928366,44.8248073117,0 -114.1924598036,44.8249039002,0 -114.1925062296,44.8249879705,0 -114.1925526557,44.8250720407,0 -114.1925997868,44.8251656193,0 -114.1926201967,44.8252602013,0 -114.192630631,44.8253085552,0 -114.1924170779,44.8253880705,0 -114.1916998721,44.8253159405,0 -114.1916990108,44.8253043206,0 -114.1916919632,44.825209237,0 -114.1916188169,44.8251261696,0 -114.1914852098,44.825131185,0 -114.19136144,44.8250881569,0 -114.1913016549,44.8250045877,0 -114.1911771808,44.824952051,0 -114.1910660676,44.8248990128,0 -114.1909317564,44.8248945192,0 -114.1907840847,44.8248905269,0 -114.190649069,44.8248765246,0 -114.1905013974,44.8248725319,0 -114.1904065527,44.8248990569,0 -114.1903949264,44.8248632554,0 -114.1903547498,44.8247775705,0 -114.190224293,44.824756177,0 -114.1901038997,44.8247990516,0 -114.190013619,44.8248633428,0 -114.189893219,44.8248919348,0 -114.1897728188,44.8249205267,0 -114.1897126535,44.8250133756,0 -114.1896825914,44.8251062177,0 -114.1896811518,44.8251128912,0 -114.1895228652,44.8250969687,0 -114.1889846631,44.8247433867,0 -114.189663955,44.8237815046,0 -114.1894519079,44.8234750946,0 -114.1884199627,44.8230660576,0 -114.185733833,44.8224941698,0 -114.1841042399,44.8236329001,0 -114.1827960755,44.8228172991,0 -114.1814305791,44.8220110022,0 -114.1799940886,44.8212573852,0 -114.1784519852,44.8205618133,0 -114.1767771968,44.8200973724,0 -114.1749937784,44.8197875776,0 -114.1731814431,44.8203670598,0 -114.171519228,44.8214055781,0 -114.1697852638,44.8222522343,0 -114.1682364556,44.8228838535,0 -114.1668065024,44.8233969097,0 -114.1649850311,44.8236149649,0 -114.1631236608,44.82367674,0 -114.1612740264,44.8238337332,0 -114.1600729837,44.8241432147,0 -114.1600335231,44.8240953027,0 -114.1599198029,44.8240952986,0 -114.1598997285,44.8241809909,0 -114.1598890614,44.8241906059,0 -114.1596331012,44.8242565584,0 -114.1596241339,44.8242633156,0 -114.1595451844,44.8242333455,0 -114.159418082,44.8242714262,0 -114.1593444957,44.8242999876,0 -114.1592441509,44.8243380692,0 -114.1591973175,44.8244237602,0 -114.1592106893,44.8245094538,0 -114.1591906152,44.824576103,0 -114.1591370994,44.8245761007,0 -114.1590166888,44.8245760955,0 -114.1589290086,44.8246662161,0 -114.1588989273,44.8246448054,0 -114.1587885553,44.8245948128,0 -114.1586581112,44.8245876656,0 -114.158596174,44.8246366356,0 -114.158517096,44.8246084921,0 -114.1583966812,44.8246513326,0 -114.1583665693,44.8247441652,0 -114.1583765944,44.8248369997,0 -114.1584580448,44.8248949736,0 -114.1584665139,44.8249080347,0 -114.1584573949,44.8249161457,0 -114.1584373173,44.8250089787,0 -114.1584373083,44.8251018128,0 -114.1584373028,44.8251576188,0 -114.1583473631,44.8252253886,0 -114.1573494129,44.8255124867,0 -114.1572129355,44.8258300758,0 -114.1571133873,44.8257828376,0 -114.1570331198,44.8257185629,0 -114.1569026761,44.8256899905,0 -114.1568324227,44.8257899611,0 -114.1568625116,44.8259042202,0 -114.1570029867,44.8259613576,0 -114.1571169182,44.8260535101,0 -114.1563803362,44.827767487,0 -114.1554892948,44.8286539032,0 -114.1554719402,44.8286525296,0 -114.1553381432,44.8286406174,0 -114.1552043426,44.8286525087,0 -114.1550872611,44.8287001064,0 -114.1550370732,44.8287834148,0 -114.1550705078,44.8288786318,0 -114.1551541211,44.8289500491,0 -114.1551747293,44.8289705853,0 -114.1542560261,44.8299141344,0 -114.1533434882,44.8309064266,0 -114.1528290072,44.8319775918,0 -114.1525752874,44.8330595699,0 -114.1524320406,44.834182745,0 -114.1520500777,44.8350842191,0 -114.1513759206,44.8356083812,0 -114.1499287013,44.8356332333,0 -114.1494503265,44.8358615519,0 -114.1494438474,44.8358014737,0 -114.1494137634,44.8357086362,0 -114.1493234574,44.8356372137,0 -114.1492331534,44.8355586502,0 -114.1492432141,44.835465818,0 -114.1493034532,44.8353801336,0 -114.1493436201,44.8352944465,0 -114.1493034986,44.8352087486,0 -114.1491931157,44.8351587465,0 -114.149072695,44.8351158839,0 -114.1489522707,44.8350873033,0 -114.1488218105,44.8350587212,0 -114.1487013883,44.8350229993,0 -114.1485809664,44.8349872773,0 -114.1484404627,44.8349872575,0 -114.1483200229,44.8350158046,0 -114.1482296788,44.8350872021,0 -114.1481192686,44.8351371735,0 -114.1480334795,44.8351559422,0 -114.1479941135,44.8350905474,0 -114.1479439575,44.8350072279,0 -114.1478101427,44.8350131592,0 -114.1477348503,44.8350905094,0 -114.1477230121,44.8351577829,0 -114.1476917213,44.8351132302,0 -114.1476716785,44.8350132528,0 -114.1476717078,44.8349132782,0 -114.1476709526,44.8349126063,0 -114.1476978253,44.8349014577,0 -114.1478182672,44.8348657702,0 -114.1478885415,44.8347872291,0 -114.1478785324,44.8346943942,0 -114.1478685233,44.8346015592,0 -114.1478284045,44.8345158609,0 -114.1477581781,44.8344301581,0 -114.147677914,44.8343515949,0 -114.1475876122,44.8342801711,0 -114.1474973084,44.8342158883,0 -114.1474070049,44.8341516055,0 -114.1473066637,44.8340944621,0 -114.1471762044,44.8340730192,0 -114.1470357052,44.8340658567,0 -114.1469152623,44.8341086844,0 -114.1468249203,44.8341729397,0 -114.1466944589,44.8341586373,0 -114.1465740422,44.8341157722,0 -114.1465539995,44.8340229356,0 -114.1466654446,44.8339752855,0 -114.1468384778,44.8338875767,0 -114.1469021789,44.8338364987,0 -114.1470131895,44.8337461158,0 -114.1471221336,44.833649182,0 -114.1471000182,44.8335821744,0 -114.1470190804,44.8334814353,0 -114.1470231006,44.833425346,0 -114.1469953295,44.8333538543,0 -114.1469456282,44.8332589058,0 -114.1470058682,44.8331732226,0 -114.1469858249,44.8330803861,0 -114.1468955259,44.8330089618,0 -114.1467700338,44.8329677247,0 -114.146773726,44.832948053,0 -114.1467821182,44.8328528405,0 -114.1467988715,44.8327635801,0 -114.1468156265,44.8326683689,0 -114.146782202,44.8325791007,0 -114.146715322,44.8325017291,0 -114.1466149868,44.832436254,0 -114.14651465,44.8323767296,0 -114.146380858,44.8323291016,0 -114.1462470512,44.8323290804,0 -114.1461255667,44.8323205337,0 -114.1459556557,44.8322738536,0 -114.1458098505,44.8322531106,0 -114.1456490153,44.8322081642,0 -114.1456135132,44.8322092079,0 -114.1453454374,44.8321924142,0 -114.1451115816,44.8322018565,0 -114.1449635044,44.8322091762,0 -114.1444825489,44.8321145544,0 -114.1443487407,44.8321204818,0 -114.1442232807,44.8321680665,0 -114.1441647113,44.8322513681,0 -114.1441228653,44.8323406235,0 -114.1441311948,44.8324358387,0 -114.1441395242,44.8325310539,0 -114.1441394907,44.8326262676,0 -114.1441394573,44.8327214813,0 -114.1441645148,44.8328107487,0 -114.1442062984,44.8329000189,0 -114.1443150008,44.832947645,0 -114.1444153362,44.8330071713,0 -114.144507029,44.8330615699,0 -114.1445070226,44.8330799791,0 -114.1445672069,44.8331656819,0 -114.1446474651,44.8332442472,0 -114.1446474332,44.8333370806,0 -114.1445671231,44.8334084769,0 -114.1444868129,44.8334798731,0 -114.1443764028,44.8335298409,0 -114.1443462632,44.833622669,0 -114.144416486,44.8337012326,0 -114.144446561,44.8337940713,0 -114.1443863166,44.833879753,0 -114.1442859364,44.8339440045,0 -114.1441988621,44.8339935457,0 -114.1440971949,44.8339890061,0 -114.1439884569,44.8340365935,0 -114.1439464111,44.8341063532,0 -114.1438543186,44.8341652989,0 -114.1437439066,44.834215266,0 -114.1436234664,44.8342438081,0 -114.1435230873,44.8343009179,0 -114.1435029818,44.8343937475,0 -114.1435129839,44.8344865826,0 -114.1435932423,44.8345651487,0 -114.1436333548,44.8346508483,0 -114.1436433571,44.8347436835,0 -114.1436433545,44.8347508245,0 -114.143573059,44.834872209,0 -114.1434526095,44.834922174,0 -114.1434232615,44.8349253811,0 -114.1433943695,44.8348636536,0 -114.1432689269,44.8348457777,0 -114.1431351078,44.8348636052,0 -114.1430848972,44.8349469076,0 -114.143093225,44.8350421228,0 -114.1431011619,44.8351328673,0 -114.1430811944,44.8351506173,0 -114.1430008798,44.8352220124,0 -114.1429205624,44.8353005484,0 -114.1429104916,44.8353933797,0 -114.1429204927,44.8354862149,0 -114.1429104218,44.8355790463,0 -114.1428000036,44.8356361534,0 -114.1426795898,44.8355861432,0 -114.1426996971,44.8354933138,0 -114.1426595855,44.8354076138,0 -114.142559247,44.8353504663,0 -114.1424388011,44.8353861481,0 -114.1423183523,44.8354289708,0 -114.142268139,44.8355146532,0 -114.1422279589,44.8356074785,0 -114.1421075095,44.835650301,0 -114.1420071711,44.835593153,0 -114.1419369496,44.8355145879,0 -114.1419169167,44.8354146096,0 -114.1417864569,44.8353931606,0 -114.1416560028,44.8353574293,0 -114.1415355592,44.8353859691,0 -114.1414251429,44.8354359339,0 -114.1412946688,44.8354501893,0 -114.1411742481,44.8354216006,0 -114.1410538274,44.8353930117,0 -114.140923368,44.8353715617,0 -114.1407928998,44.8353715346,0 -114.1406624316,44.8353715073,0 -114.1405319635,44.8353714798,0 -114.1404014923,44.8353785932,0 -114.1402609821,44.8353928454,0 -114.1401605978,44.835449952,0 -114.1401103814,44.8355356334,0 -114.1399698738,44.8355427442,0 -114.1398494658,44.83548559,0 -114.1398495056,44.8353927569,0 -114.1398796533,44.8352999303,0 -114.1398194741,44.8352142251,0 -114.1397090998,44.835164214,0 -114.1395786229,44.8351856085,0 -114.1394983041,44.835257001,0 -114.139417982,44.8353355344,0 -114.1393577285,44.8354212132,0 -114.1392172212,44.835428323,0 -114.1391068471,44.8353783114,0 -114.1390265906,44.8353068833,0 -114.1389463407,44.8352211732,0 -114.1388258962,44.8352497101,0 -114.1387455764,44.835321102,0 -114.1386251252,44.8353639207,0 -114.1384946669,44.8353424679,0 -114.1383943328,44.8352853169,0 -114.1383241166,44.8352067496,0 -114.1382037045,44.8351638758,0 -114.1380732271,44.8351852686,0 -114.1380129719,44.8352709467,0 -114.1379527165,44.8353566247,0 -114.1378924576,44.8354494437,0 -114.1379124867,44.8355422814,0 -114.1380128207,44.8355994329,0 -114.1380127779,44.835692266,0 -114.1380080336,44.8356956395,0 -114.137849133,44.8357015578,0 -114.1377738266,44.835778901,0 -114.137765419,44.8358741124,0 -114.1374573636,44.8363728686,0 -114.1370401455,44.8364771862,0 -114.1368758787,44.8362969018,0 -114.1367304843,44.8361636659,0 -114.1363590968,44.8364431267,0 -114.1360325928,44.8364479916,0 -114.1357701836,44.8364098199,0 -114.1355147726,44.8365346156,0 -114.1353129167,44.8366577021,0 -114.1351077195,44.8368333414,0 -114.1352408681,44.8369783868,0 -114.1354975382,44.837019313,0 -114.1359235857,44.8370814025,0 -114.1361185931,44.8371928561,0 -114.1361063913,44.8374318071,0 -114.1357743783,44.8377331992,0 -114.1354803344,44.838042655,0 -114.135235751,44.838355141,0 -114.1351138106,44.8385626914,0 -114.1352629472,44.8387768052,0 -114.1354605187,44.8388662182,0 -114.1359039032,44.8388630253,0 -114.1364337814,44.8389179117,0 -114.1370104821,44.8389180598,0 -114.1378053495,44.8388724531,0 -114.1387380124,44.8387952101,0 -114.1394091354,44.8388746316,0 -114.1397915747,44.8388727389,0 -114.1409472052,44.8388974846,0 -114.141439793,44.8389205019,0 -114.1419389908,44.8385121289,0 -114.142132015,44.8383915797,0 -114.1424395429,44.8385956374,0 -114.1429154668,44.8385627786,0 -114.14329713,44.8386039528,0 -114.1443120708,44.8376980921,0 -114.1445681911,44.8378780223,0 -114.1446354238,44.8378248213,0 -114.1446197817,44.8377834777,0 -114.1447000485,44.837854902,0 -114.1448305225,44.8378549249,0 -114.1448512557,44.8378455424,0 -114.1448666612,44.8378930939,0 -114.1448264858,44.8379787792,0 -114.1447461693,44.8380501754,0 -114.1447762467,44.838143014,0 -114.1448530722,44.8381778175,0 -114.1448303873,44.8382476812,0 -114.1448203187,44.8383405127,0 -114.1448905475,44.8384190762,0 -114.145031057,44.8384262416,0 -114.1451615323,44.8384262641,0 -114.1452418007,44.8384976881,0 -114.1451614838,44.8385690846,0 -114.145091201,44.8386476238,0 -114.1450811328,44.8387404553,0 -114.1450068418,44.8387827205,0 -114.1449000896,44.8387902972,0 -114.1447796303,44.8388474043,0 -114.144739454,44.8389330896,0 -114.1448063354,44.8390187936,0 -114.1448649494,44.8390373407,0 -114.1448562214,44.83906422,0 -114.1448862995,44.8391570586,0 -114.1450067275,44.8391927846,0 -114.1451271533,44.8392356516,0 -114.1451773077,44.8393213525,0 -114.1452575773,44.8393927765,0 -114.1453378471,44.8394642005,0 -114.1454482346,44.8395142064,0 -114.1455887515,44.8395070891,0 -114.1457192246,44.8395213931,0 -114.1457693801,44.8396070938,0 -114.145889812,44.8396356779,0 -114.1460102626,44.8396071337,0 -114.1461307132,44.8395785894,0 -114.1462210234,44.8396428733,0 -114.146351497,44.8396571766,0 -114.1464819751,44.8396571976,0 -114.1466124466,44.8396786416,0 -114.1467429226,44.8396858033,0 -114.1468633774,44.8396429762,0 -114.1469235715,44.839728678,0 -114.1470439977,44.839778684,0 -114.1471744719,44.8397929863,0 -114.1473049547,44.8397787243,0 -114.1473952666,44.8398430074,0 -114.1475156978,44.8398787309,0 -114.1476562112,44.8398858932,0 -114.14778669,44.8398859127,0 -114.147917175,44.839864509,0 -114.148017562,44.8398002546,0 -114.1480190819,44.8397991736,0 -114.1480190528,44.8399209549,0 -114.1476493269,44.841043292,0 -114.1468009109,44.8418992102,0 -114.1458600419,44.8427530744,0 -114.145795844,44.842805996,0 -114.1457920621,44.8427954374,0 -114.1457292415,44.842755176,0 -114.1457221679,44.8426895505,0 -114.1457121615,44.8425967155,0 -114.1456620037,44.8425110148,0 -114.1456024912,44.8424898321,0 -114.1456051881,44.8424400696,0 -114.1456115807,44.8423444892,0 -114.1455384816,44.8422613936,0 -114.1454154096,44.8422278241,0 -114.1452838532,44.8422613095,0 -114.1451488108,44.8422472527,0 -114.1450137686,44.8422331956,0 -114.144970764,44.8422461633,0 -114.1448618356,44.8422018536,0 -114.1448186277,44.8421608452,0 -114.1447115841,44.8421036981,0 -114.1445777548,44.8421036743,0 -114.1444439254,44.8421036504,0 -114.1443502212,44.842170283,0 -114.1443368042,44.8422654942,0 -114.1443635363,44.8423607126,0 -114.1443803822,44.8423876974,0 -114.1443531961,44.8424204104,0 -114.144423401,44.8425775255,0 -114.1445940172,44.8426275432,0 -114.1447646487,44.8426347145,0 -114.1449183426,44.842657366,0 -114.1449838921,44.8427396225,0 -114.1449641335,44.8428356987,0 -114.1448761558,44.8429152379,0 -114.144869762,44.8430108182,0 -114.1450041089,44.843015367,0 -114.1451264851,44.8430394285,0 -114.1452263145,44.8431215325,0 -114.1451657639,44.8432095883,0 -114.1452547027,44.8432520813,0 -114.1449283938,44.8435210665,0 -114.1440477068,44.8442446767,0 -114.1432600598,44.8450106568,0 -114.1429307978,44.8455115639,0 -114.1426739128,44.8459023659,0 -114.1421191988,44.8466464271,0 -114.1413128598,44.8472615332,0 -114.1402649537,44.8476991943,0 -114.1392067386,44.8482429285,0 -114.1383413964,44.8482838816,0 -114.1387171937,44.8494511346,0 -114.1419983946,44.8510735645,0 -114.143357498,44.8517538104,0 -114.1443379093,44.8520828463,0 -114.1454120466,44.8527489763,0 -114.1463411459,44.8532489003,0 -114.1480882893,44.8532957491,0 -114.1488334162,44.8534315797,0 -114.1488390368,44.853483694,0 -114.1488691277,44.8535765316,0 -114.1489480924,44.8536467717,0 -114.1489522166,44.853702967,0 -114.1489591948,44.8537980512,0 -114.1490479753,44.8538662619,0 -114.1491833948,44.8538850691,0 -114.1492959986,44.853821298,0 -114.1492890198,44.8537262138,0 -114.1492987503,44.8536305092,0 -114.1493594808,44.8535448285,0 -114.149380121,44.853531236,0 -114.1494484216,44.853543686,0 -114.1508065418,44.8534112099,0 -114.151942625,44.8533752097,0 -114.1532314263,44.8534382416,0 -114.1544430306,44.8535535345,0 -114.1557038369,44.8537958964,0 -114.1569203871,44.8539867103,0 -114.1580325814,44.8542657023,0 -114.1589799887,44.8545952372,0 -114.1597635289,44.8549950532,0 -114.1602519431,44.8554912622,0 -114.1601152961,44.8560024962,0 -114.1583217548,44.8561994564,0 -114.1584028256,44.8564204865,0 -114.1583842947,44.8564303701,0 -114.158263814,44.8564589266,0 -114.1581299519,44.8564493964,0 -114.1580228536,44.8565065177,0 -114.1579425253,44.8565826835,0 -114.1578621968,44.8566588492,0 -114.1577283251,44.8567159683,0 -114.1576346111,44.8567826115,0 -114.1576345979,44.8568778254,0 -114.1577149034,44.8569730449,0 -114.1577952117,44.8570492216,0 -114.1578889055,44.8571349206,0 -114.1579558266,44.8572206177,0 -114.1579959747,44.8573063129,0 -114.1581164473,44.8573539279,0 -114.1581350068,44.8573597964,0 -114.1581589583,44.8574450166,0 -114.1582794313,44.8574926315,0 -114.1584132947,44.8575116829,0 -114.1585471606,44.8575116914,0 -114.1586141041,44.857426003,0 -114.1587110061,44.8573877202,0 -114.1588360723,44.8582886935,0 -114.1584978644,44.8589285606,0 -114.1583018723,44.8589991576,0 -114.158054204,44.859172655,0 -114.1578654667,44.8592631032,0 -114.1575353092,44.8593520418,0 -114.1571154096,44.859414126,0 -114.1568718001,44.8594836958,0 -114.1567804675,44.8596387244,0 -114.1574585209,44.8596600417,0 -114.157456631,44.859836428,0 -114.1573420003,44.8600347772,0 -114.1573687607,44.860129993,0 -114.1574892385,44.8601776088,0 -114.1576097274,44.8601490534,0 -114.1576526543,44.8601546077,0 -114.1576876759,44.8602293581,0 -114.1577001022,44.8602381978,0 -114.1576832255,44.8603049058,0 -114.1576184326,44.8611152269,0 -114.1575426551,44.8612927635,0 -114.1575178825,44.8612901883,0 -114.1574187042,44.8612176025,0 -114.1573932717,44.8612247016,0 -114.1573787891,44.8612118235,0 -114.1572783929,44.8611475466,0 -114.1571478687,44.8611261136,0 -114.1570173392,44.8611403857,0 -114.156896848,44.8611689404,0 -114.1568566723,44.8612546297,0 -114.1568666984,44.8613474639,0 -114.156836562,44.861440295,0 -114.1567662653,44.8615188408,0 -114.1567963726,44.8616116767,0 -114.156896769,44.8616759539,0 -114.1570172525,44.8617045275,0 -114.1571477779,44.8617259607,0 -114.1572783034,44.8617473938,0 -114.1573668875,44.8617570932,0 -114.157378346,44.8617625644,0 -114.1574775252,44.8618351503,0 -114.1574800563,44.8618363589,0 -114.1581560491,44.863253995,0 -114.1582239423,44.8643443551,0 -114.1581829515,44.8653239212,0 -114.1580478774,44.8655469623,0 -114.157930886,44.865546954,0 -114.1577969981,44.8655707478,0 -114.1576764957,44.8656135852,0 -114.1576363178,44.8656992746,0 -114.1576764707,44.86578497,0 -114.1577902668,44.8658278246,0 -114.1578600913,44.865857041,0 -114.157740573,44.8660543915,0 -114.1576624154,44.8661284852,0 -114.1576471152,44.866148066,0 -114.1576161685,44.8661515386,0 -114.1575224392,44.8662134205,0 -114.1575492029,44.8663038756,0 -114.1575887465,44.8663570077,0 -114.1575954317,44.8664046002,0 -114.1575954176,44.866499814,0 -114.1575954035,44.8665950277,0 -114.1575953894,44.8666902415,0 -114.1576355429,44.8667759369,0 -114.1576613195,44.8667881603,0 -114.1576562391,44.8667989952,0 -114.157642837,44.8668894473,0 -114.1576495181,44.8669799009,0 -114.1576628935,44.867070355,0 -114.1577633012,44.8671274907,0 -114.1578904977,44.8671084572,0 -114.1579977591,44.8671084649,0 -114.1593225232,44.8677830943,0 -114.1599442827,44.8678722517,0 -114.1599455984,44.8678750593,0 -114.160038058,44.8679202707,0 -114.1600661838,44.8679725934,0 -114.1604092686,44.8680618743,0 -114.1606854046,44.868198758,0 -114.1608862386,44.868222571,0 -114.161028503,44.8681630689,0 -114.1611074941,44.868039041,0 -114.1617810557,44.8681356151,0 -114.1620505234,44.8682291916,0 -114.1620577721,44.8683892442,0 -114.1620553523,44.8684038641,0 -114.1620141609,44.8684131127,0 -114.161886963,44.86842739,0 -114.1617731516,44.8684749926,0 -114.1617463663,44.8685654447,0 -114.1617999164,44.8686511394,0 -114.1619271148,44.8686368622,0 -114.1620543134,44.8686178241,0 -114.1620730575,44.8686054481,0 -114.1621916459,44.8686391856,0 -114.162331336,44.8686542416,0 -114.1623391704,44.8686906167,0 -114.1623989549,44.8687742006,0 -114.1625340642,44.8687882386,0 -114.162666373,44.868764243,0 -114.1627409972,44.8686851887,0 -114.1627339956,44.868590105,0 -114.1627945484,44.8685020402,0 -114.1628176646,44.8684955872,0 -114.1634026191,44.868698712,0 -114.1644773594,44.868931036,0 -114.1645257926,44.869776735,0 -114.1667886751,44.8700410828,0 -114.1674038053,44.8705156988,0 -114.1677918045,44.8713212419,0 -114.1674314475,44.8718170499,0 -114.1672233436,44.872702034,0 -114.1663908231,44.8728515309,0 -114.1663422992,44.8727453642,0 -114.1663841437,44.8725965923,0 -114.166225136,44.8725311324,0 -114.1660493903,44.8725906407,0 -114.166007545,44.8727513143,0 -114.165891612,44.8728626026,0 -114.1646119341,44.8726624663,0 -114.1646019868,44.8726674248,0 -114.1645764742,44.8726560858,0 -114.1643923608,44.8726263283,0 -114.1642042453,44.8726645429,0 -114.1641697392,44.8726555152,0 -114.1641490085,44.8726691675,0 -114.1641358761,44.8726598289,0 -114.1640153665,44.8726217408,0 -114.163894857,44.8725836526,0 -114.1637743447,44.8726122141,0 -114.1637609501,44.8727074277,0 -114.1637609457,44.8728026416,0 -114.1637475511,44.8728978552,0 -114.163774327,44.8729930698,0 -114.1638073519,44.8730635267,0 -114.1628961429,44.8735177235,0 -114.1627307271,44.8745639906,0 -114.1620427402,44.8756885908,0 -114.1610613872,44.876690983,0 -114.15972791,44.8774158502,0 -114.1579458337,44.8773179913,0 -114.1554871902,44.8772551375,0 -114.154375896,44.8774689087,0 -114.1526524927,44.8778385089,0 -114.1509060394,44.878107149,0 -114.1491779421,44.8781819572,0 -114.1473570567,44.8779475154,0 -114.1456546083,44.8776595135,0 -114.1438382489,44.8772790586,0 -114.1419879434,44.8768401828,0 -114.140251716,44.8766166789,0 -114.139350898,44.876478175,0 -114.1393490725,44.876465151,0 -114.1393089405,44.8763794498,0 -114.1392152362,44.8763127783,0 -114.1391215321,44.8762461067,0 -114.1390010284,44.8762175138,0 -114.1389073247,44.8761508421,0 -114.1388671935,44.8760651407,0 -114.1387466903,44.8760365475,0 -114.1386261503,44.8760841244,0 -114.1385993224,44.8761793307,0 -114.1384921682,44.876236432,0 -114.1383582693,44.8762173564,0 -114.1382243565,44.8762268444,0 -114.1381172018,44.8762839454,0 -114.1381075486,44.876286993,0 -114.1369407553,44.8761075692,0 -114.1369059945,44.8775590153,0 -114.1353165344,44.8783867705,0 -114.1339061953,44.8792794427,0 -114.1291108836,44.8810650734,0 -114.1277798625,44.8819378676,0 -114.1278614607,44.8827129386,0 -114.128338937,44.8838697347,0 -114.1306166335,44.8843637805,0 -114.1310478828,44.8855228306,0 -114.1319900092,44.8865567386,0 -114.1321233127,44.8866605055,0 -114.1320607577,44.8867430079,0 -114.1319903954,44.8868215365,0 -114.1318999474,44.8868929179,0 -114.1318094948,44.8869714401,0 -114.1317190507,44.8870356804,0 -114.1316185615,44.8870999175,0 -114.1315986531,44.8871126438,0 -114.1315298483,44.887098925,0 -114.1314042994,44.8870774629,0 -114.1313841541,44.8871667182,0 -114.1313740492,44.8872631176,0 -114.1313789968,44.8872715694,0 -114.131347223,44.8872997787,0 -114.1312868996,44.8873854508,0 -114.1312567067,44.8874782734,0 -114.1312666939,44.8875711086,0 -114.1312666361,44.8876639407,0 -114.1312967135,44.8877567822,0 -114.1313770254,44.8878353576,0 -114.1314573419,44.8879067921,0 -114.1315677984,44.887971095,0 -114.1316983763,44.8879854176,0 -114.1318289717,44.8879711763,0 -114.1319695991,44.8879783608,0 -114.1321202631,44.88799983,0 -114.1321603915,44.8880855335,0 -114.1321201544,44.8881783532,0 -114.1320397495,44.8882497377,0 -114.131929222,44.8882996901,0 -114.1318086534,44.8883424983,0 -114.1317182071,44.8884067385,0 -114.1316177198,44.8884638347,0 -114.1315172323,44.8885209307,0 -114.13138664,44.8885280306,0 -114.131256061,44.8885137077,0 -114.1311053917,44.8884993782,0 -114.1309647587,44.8884993336,0 -114.1308971702,44.8884993121,0 -114.1308710568,44.8884412115,0 -114.1308309301,44.8883555076,0 -114.1307053426,44.8883911721,0 -114.1306851956,44.8884804272,0 -114.1306662764,44.8884992383,0 -114.1305729953,44.8884992084,0 -114.1304424076,44.8884991663,0 -114.1303218467,44.8885276911,0 -114.1302378958,44.8885873156,0 -114.1301226225,44.8885445139,0 -114.1300271538,44.8886051807,0 -114.1300321165,44.8886980143,0 -114.1300421018,44.8887908496,0 -114.1300972978,44.8888729882,0 -114.1300995838,44.8888750214,0 -114.130060404,44.8889417797,0 -114.1300000769,44.8890274511,0 -114.1299899669,44.8891274207,0 -114.1300602289,44.8892131347,0 -114.1301606455,44.8892702948,0 -114.1302409624,44.8893417301,0 -114.1303112249,44.889427444,0 -114.13030112,44.8895202727,0 -114.1302608834,44.8896059507,0 -114.1301302793,44.889627331,0 -114.1299996752,44.8896487112,0 -114.1299293064,44.8897272383,0 -114.1299192008,44.889820067,0 -114.1298890042,44.8899128891,0 -114.1298211304,44.8899664491,0 -114.1297550729,44.8899261621,0 -114.1296345461,44.8898975587,0 -114.129622096,44.8898931284,0 -114.1296077548,44.8898770919,0 -114.1295877246,44.8897842533,0 -114.1295676945,44.8896914147,0 -114.1295577099,44.8895985794,0 -114.1295477252,44.8895057442,0 -114.1295076045,44.8894128989,0 -114.12949762,44.8893200637,0 -114.1294675495,44.8892200808,0 -114.1293369883,44.889177192,0 -114.1292064038,44.8891700075,0 -114.1290858315,44.8892128128,0 -114.1290656794,44.889305638,0 -114.1290857086,44.8893984766,0 -114.1290956924,44.8894913119,0 -114.1291257671,44.8895841539,0 -114.1292060784,44.8896627309,0 -114.129316545,44.8897127541,0 -114.1293667157,44.8897984619,0 -114.1293566092,44.8898912905,0 -114.1293163709,44.8899769681,0 -114.1292701939,44.8900008176,0 -114.129177445,44.8899473933,0 -114.1290619483,44.8899080795,0 -114.1289614534,44.8899687436,0 -114.1289563689,44.8900615738,0 -114.1289964915,44.8901508488,0 -114.1290567099,44.8902329896,0 -114.1291370267,44.8903044257,0 -114.1292072958,44.8903794288,0 -114.1293026883,44.8904401584,0 -114.1294232537,44.8904116349,0 -114.1294429051,44.8903245874,0 -114.1294869189,44.8903197889,0 -114.1296074933,44.8902769833,0 -114.1297380897,44.8902698855,0 -114.1297882615,44.890355593,0 -114.1297781555,44.8904484217,0 -114.1297479583,44.8905412437,0 -114.129727802,44.8906412099,0 -114.1297478326,44.8907340485,0 -114.1298148046,44.8907578796,0 -114.1298147951,44.8907723808,0 -114.1298046891,44.8908652094,0 -114.1297644484,44.8909544577,0 -114.1297442965,44.891047283,0 -114.1296940123,44.8911329574,0 -114.1296236435,44.8912079138,0 -114.1295984708,44.8912971669,0 -114.1295180584,44.8913685495,0 -114.1294677735,44.8914542238,0 -114.1295279915,44.8915399348,0 -114.1296334367,44.8915935266,0 -114.1296334344,44.8915970971,0 -114.1296533926,44.8918006199,0 -114.129567959,44.8918684303,0 -114.1294774998,44.8919398094,0 -114.1293569242,44.8919790443,0 -114.1292463824,44.8920361348,0 -114.1291308223,44.8920860825,0 -114.1290002193,44.8920967499,0 -114.1288646006,44.8920967042,0 -114.1287390157,44.892114514,0 -114.128608415,44.8921216105,0 -114.1284878409,44.892157274,0 -114.1284074234,44.8922322262,0 -114.128407421,44.8922357966,0 -114.1282616664,44.8923678536,0 -114.1283068122,44.8924571305,0 -114.1283971818,44.8925214297,0 -114.1285177085,44.8925571754,0 -114.1286080784,44.8926214744,0 -114.1287286103,44.8926500791,0 -114.1288240873,44.8925894136,0 -114.1288693537,44.8925001675,0 -114.1289849149,44.8924502201,0 -114.1291205345,44.8924502657,0 -114.1292511311,44.8924503095,0 -114.129361669,44.89240036,0 -114.1294671837,44.8923504088,0 -114.1295977825,44.8923468817,0 -114.1297283673,44.8923647772,0 -114.1297986395,44.89243978,0 -114.1298839855,44.8925076469,0 -114.1300045109,44.8925469615,0 -114.1300747837,44.8926219642,0 -114.1301400314,44.8927005357,0 -114.1302706172,44.8927184306,0 -114.1303660927,44.8926577638,0 -114.1304866646,44.8926256688,0 -114.1306122478,44.8926114276,0 -114.1307327763,44.892647171,0 -114.1307779285,44.8927328766,0 -114.1308130326,44.8928221494,0 -114.1309034033,44.8928900171,0 -114.131023937,44.8929186193,0 -114.1311394389,44.8929615017,0 -114.1312750575,44.8929651152,0 -114.1314106762,44.8929687286,0 -114.1315412875,44.892947347,0 -114.1316567921,44.8929866584,0 -114.1316930417,44.8930030716,0 -114.1316718478,44.8930080859,0 -114.1316466751,44.89310091,0 -114.1316553338,44.8931394868,0 -114.1316248669,44.8931411431,0 -114.1314942596,44.8931553838,0 -114.1313636613,44.8931553426,0 -114.131243091,44.893183868,0 -114.1312028484,44.8932766872,0 -114.1312429788,44.893362391,0 -114.131313252,44.8934409635,0 -114.1313935759,44.8935123981,0 -114.1315141022,44.8935552817,0 -114.1316446882,44.8935767456,0 -114.1317752964,44.8935625047,0 -114.1318958805,44.8935125559,0 -114.1318858917,44.8934197208,0 -114.1319261289,44.8933340422,0 -114.1319964996,44.893255514,0 -114.1321270983,44.8932555545,0 -114.1322576707,44.8932984404,0 -114.1323379913,44.8933770154,0 -114.1324183165,44.8934484493,0 -114.1325287931,44.8934984697,0 -114.132637589,44.8934598443,0 -114.132686182,44.8935261167,0 -114.1328117733,44.8935011617,0 -114.1328218774,44.8934047622,0 -114.132787731,44.8933581927,0 -114.132800145,44.8933200294,0 -114.1328905981,44.8932557885,0 -114.1330211926,44.8932629689,0 -114.1331517658,44.8933058538,0 -114.1332722931,44.8933487356,0 -114.1333928122,44.8934058991,0 -114.133483189,44.8934701944,0 -114.1335635157,44.8935416276,0 -114.1335920697,44.8935578788,0 -114.1335903101,44.8935620935,0 -114.1335902555,44.8936549256,0 -114.1337107902,44.8936870955,0 -114.1337482737,44.893707413,0 -114.1337542622,44.8937630529,0 -114.1336738512,44.8938344384,0 -114.1336135196,44.8939272526,0 -114.1336235113,44.8940200876,0 -114.1337038389,44.8940915207,0 -114.1338143179,44.8941415399,0 -114.1339148133,44.8940844421,0 -114.1340253547,44.8940273472,0 -114.1341559552,44.8940273854,0 -114.134276526,44.8939988569,0 -114.1343268063,44.8939131803,0 -114.1344574147,44.8938989364,0 -114.1345779525,44.893927535,0 -114.1346683315,44.8939918294,0 -114.1347486563,44.8940704027,0 -114.134849086,44.894127559,0 -114.1349796747,44.8941490191,0 -114.1351002052,44.894191899,0 -114.1352207399,44.8942276378,0 -114.1353412788,44.8942562356,0 -114.1354618177,44.8942848333,0 -114.1356024612,44.8942920136,0 -114.1357330624,44.8942920501,0 -114.1358636479,44.8943206502,0 -114.1359741293,44.8943706673,0 -114.1360946611,44.8944135462,0 -114.1362252626,44.8944135821,0 -114.1363457985,44.8944493198,0 -114.1364361803,44.8945136129,0 -114.1365567089,44.8945636322,0 -114.1366671914,44.8946136487,0 -114.1367676202,44.8946779443,0 -114.1368278525,44.8947636517,0 -114.1368177566,44.8948564812,0 -114.1367775255,44.8949421616,0 -114.1366870738,44.8950064056,0 -114.1365564633,44.8950206521,0 -114.136415814,44.8950206138,0 -114.1362651184,44.8950205725,0 -114.1361345155,44.8950205366,0 -114.1359938662,44.8950204978,0 -114.1358732901,44.8950561691,0 -114.1357527099,44.8950989811,0 -114.1356522144,44.8951560805,0 -114.1355717997,44.8952346083,0 -114.1355516553,44.8953274347,0 -114.1355415573,44.895420264,0 -114.1355415057,44.8955130961,0 -114.1355916904,44.8955988014,0 -114.1356921235,44.895655957,0 -114.1358227239,44.8956631344,0 -114.135953336,44.8956488888,0 -114.1360839169,44.8956917705,0 -114.1362145135,44.8957060884,0 -114.1363451257,44.8956918424,0 -114.1363551722,44.8956918451,0 -114.136475734,44.8956847371,0 -114.136566187,44.8956204933,0 -114.1366767251,44.8955705368,0 -114.1368073102,44.8956062768,0 -114.1368775899,44.8956919869,0 -114.1369981213,44.8957420059,0 -114.1371086064,44.895792022,0 -114.1372392149,44.8957849159,0 -114.1373698233,44.8957778096,0 -114.137480361,44.8957278523,0 -114.1376009414,44.8956850384,0 -114.1376210826,44.8955922115,0 -114.137601038,44.895499374,0 -114.1376111327,44.8954065445,0 -114.1376814986,44.8953280126,0 -114.1377719497,44.8952637678,0 -114.1378322725,44.8951780923,0 -114.1379227232,44.8951138473,0 -114.1380432654,44.8951424423,0 -114.1380934536,44.8952281466,0 -114.1381737849,44.8953067177,0 -114.13824407,44.8953852861,0 -114.1383545555,44.8954353011,0 -114.1384750914,44.8954781775,0 -114.1385654736,44.89554961,0 -114.1386860099,44.8955924862,0 -114.1388065499,44.8956282214,0 -114.1389371259,44.8956853818,0 -114.1390677057,44.8957354011,0 -114.1391982999,44.8957568565,0 -114.1393289151,44.8957354661,0 -114.1394494977,44.8956855093,0 -114.1395299045,44.8956141197,0 -114.139660502,44.8956284336,0 -114.1397810358,44.8956784496,0 -114.1398010841,44.8957712868,0 -114.1398010393,44.8958641191,0 -114.138067207,44.8968181226,0 -114.1380336522,44.8972209871,0 -114.1383737289,44.8974721391,0 -114.1387235363,44.8976604377,0 -114.1392668493,44.8977845172,0 -114.1403531277,44.8975062721,0 -114.1406067963,44.8972257455,0 -114.1405502522,44.8968965849,0 -114.1405849922,44.8964047071,0 -114.141843725,44.8958940287,0 -114.1429834407,44.8955508825,0 -114.1434374006,44.8954114676,0 -114.143740977,44.8953094974,0 -114.1443292348,44.8953710446,0 -114.1444430738,44.8954234348,0 -114.1445569168,44.8954663036,0 -114.1446841667,44.8954806111,0 -114.1448114336,44.8954520727,0 -114.1448918336,44.8953806791,0 -114.1449923207,44.8953235714,0 -114.1450033247,44.8952494651,0 -114.1450757346,44.8952083137,0 -114.1450858172,44.8951154832,0 -114.1450058142,44.8950728091,0 -114.1450058222,44.8950522175,0 -114.1450594366,44.8949665365,0 -114.1450929598,44.8948760909,0 -114.1450996963,44.8947761188,0 -114.1451009088,44.8947598304,0 -114.145196472,44.8947441748,0 -114.1453471757,44.8947227813,0 -114.145427574,44.8946513873,0 -114.1453874215,44.894565688,0 -114.1453271765,44.8944799847,0 -114.1451965771,44.8944728182,0 -114.1450760324,44.8944442307,0 -114.1451363436,44.894358551,0 -114.1452569157,44.8943157288,0 -114.1453774877,44.8942729065,0 -114.1454679288,44.8942086553,0 -114.1455382827,44.8941301183,0 -114.145638767,44.8940730099,0 -114.1457492946,44.8940230442,0 -114.1458799092,44.8939873642,0 -114.1459210662,44.8939751839,0 -114.1460272637,44.89400666,0 -114.1461578648,44.8940066845,0 -114.1462734137,44.8939602898,0 -114.1463437662,44.8938817522,0 -114.1464392288,44.8938175011,0 -114.1464694012,44.8937246741,0 -114.1464995723,44.8936354176,0 -114.1465397882,44.8935497333,0 -114.1465548911,44.8934569035,0 -114.1465649709,44.8933640728,0 -114.146558991,44.8933086277,0 -114.1465632997,44.8933090997,0 -114.1466436945,44.8932377047,0 -114.1467240891,44.8931663096,0 -114.1468546909,44.8931591923,0 -114.1469852927,44.8931520749,0 -114.1470637275,44.8931392236,0 -114.1479522587,44.8937322747,0 -114.1492082872,44.8947236867,0 -114.1501980226,44.8958384797,0 -114.151162864,44.8970221297,0 -114.1512061137,44.897076214,0 -114.1511229857,44.8971125574,0 -114.1511062136,44.897207768,0 -114.1511564239,44.8972910867,0 -114.1512013899,44.8973372718,0 -114.1511150895,44.8974053683,0 -114.1511125216,44.8974147164,0 -114.1510996303,44.8974147145,0 -114.1509723687,44.8974194566,0 -114.1508451127,44.897405156,0 -114.1507178567,44.8973908552,0 -114.1506374594,44.8974670136,0 -114.1506140807,44.8975223606,0 -114.1505406642,44.8975584703,0 -114.1504736619,44.8976358208,0 -114.1504401455,44.8977250779,0 -114.1504903535,44.8978143477,0 -114.1505070717,44.8979036124,0 -114.1505640561,44.8979694598,0 -114.150557264,44.8980464395,0 -114.1504818886,44.8981237887,0 -114.1503981423,44.8981951858,0 -114.1502892855,44.8982427757,0 -114.1501720579,44.8982844134,0 -114.1500631989,44.898337954,0 -114.1499543416,44.8983855436,0 -114.1498538529,44.898445036,0 -114.149787313,44.8984844296,0 -114.1497366245,44.8984866732,0 -114.1496277666,44.8985342625,0 -114.1496193642,44.8986294741,0 -114.1496267311,44.8987135529,0 -114.1496256839,44.8987141481,0 -114.1496390516,44.8988046025,0 -114.149578742,44.8988902846,0 -114.1494514786,44.8988902642,0 -114.1493309225,44.898861681,0 -114.1492103695,44.8988235763,0 -114.1491098801,44.8988806877,0 -114.1489827033,44.8988711518,0 -114.148974606,44.8988495499,0 -114.148974637,44.898754337,0 -114.1488658111,44.8987007617,0 -114.1487736914,44.8987662054,0 -114.1486564873,44.898730481,0 -114.1485727854,44.8986590572,0 -114.1484388125,44.8986947395,0 -114.148355061,44.8987720858,0 -114.1482796817,44.8988494335,0 -114.1482043002,44.8989327319,0 -114.148204268,44.8990279448,0 -114.1482293555,44.8991172112,0 -114.1482795611,44.8992064819,0 -114.1483381414,44.8992898031,0 -114.1484218439,44.899361227,0 -114.1485390492,44.8993969517,0 -114.1486730078,44.8994088758,0 -114.1488069743,44.8993969965,0 -114.1488443797,44.8993916859,0 -114.1488484695,44.8994471616,0 -114.1488685342,44.8995376172,0 -114.1489019953,44.899628075,0 -114.1490091488,44.8996804598,0 -114.1491364092,44.8996947626,0 -114.1492703649,44.8997185877,0 -114.1493976271,44.8997281296,0 -114.1495182062,44.8996900637,0 -114.1496320885,44.8996472361,0 -114.1497593595,44.8996282137,0 -114.149886629,44.8996139518,0 -114.150013894,44.8996139717,0 -114.1501411619,44.8996044701,0 -114.1501947733,44.8995187867,0 -114.1503086562,44.8994711977,0 -114.150435921,44.8994712171,0 -114.1505497723,44.8995283621,0 -114.1505333055,44.8995838959,0 -114.1505065683,44.8995876923,0 -114.1504144489,44.8996531373,0 -114.1503474439,44.8997304876,0 -114.1503222987,44.8998197459,0 -114.1503390171,44.8999090107,0 -114.1503641083,44.8999982767,0 -114.1503640795,44.9000934896,0 -114.1503482582,44.9001776866,0 -114.150268259,44.9001567249,0 -114.1501409928,44.9001567053,0 -114.1500338051,44.9002090558,0 -114.1499801913,44.9002994997,0 -114.1500270525,44.9003851987,0 -114.1500873118,44.9004661391,0 -114.1499935171,44.9005280129,0 -114.1498662471,44.9005375143,0 -114.14973898,44.9005374942,0 -114.1496250945,44.9005850825,0 -114.1495781795,44.9006707667,0 -114.1495714525,44.9007612179,0 -114.1495413703,44.9008253104,0 -114.1495554835,44.9009070463,0 -114.1493187809,44.9009745348,0 -114.1489621647,44.9011812823,0 -114.1484596933,44.9013377435,0 -114.1483089379,44.9016547487,0 -114.1481423317,44.901856234,0 -114.1480003716,44.9022459933,0 -114.1478593009,44.9025633678,0 -114.147931453,44.9027791548,0 -114.1481625374,44.9029169931,0 -114.1483207806,44.9029587879,0 -114.1484534027,44.9030611681,0 -114.1495064196,44.902844611,0 -114.1499670432,44.9028812623,0 -114.150232731,44.9030383538,0 -114.1503129215,44.9031164931,0 -114.1503915268,44.9031966075,0 -114.1504716869,44.9032805682,0 -114.1505250851,44.9033443759,0 -114.1506142656,44.9034200306,0 -114.1506644801,44.9035033495,0 -114.1507314431,44.9035807202,0 -114.1508151528,44.9036580933,0 -114.1508988628,44.9037354664,0 -114.1509825747,44.9038068886,0 -114.1510662869,44.9038783108,0 -114.1511332491,44.903961632,0 -114.1511834648,44.9040449508,0 -114.1512420522,44.9041342215,0 -114.1512922682,44.9042175402,0 -114.1513424826,44.9043068097,0 -114.1514010723,44.9043901296,0 -114.1514680356,44.9044734507,0 -114.1513150827,44.9045018842,0 -114.1514290883,44.9046708939,0 -114.1515519757,44.9047998823,0 -114.1516839177,44.9047907916,0 -114.1518224412,44.9047790609,0 -114.1518445583,44.9046328309,0 -114.1518281139,44.9043961418,0 -114.1518783776,44.9043128376,0 -114.151995615,44.9042771492,0 -114.152121219,44.9042652652,0 -114.1522551964,44.9042533821,0 -114.1523808019,44.904235547,0 -114.1525147808,44.9042177128,0 -114.152585959,44.9042008618,0 -114.1526068832,44.9042355777,0 -114.1526571012,44.9043188958,0 -114.1526989445,44.9044081637,0 -114.1527324144,44.9044974304,0 -114.1528245047,44.9045629016,0 -114.152958478,44.9045688702,0 -114.1530673465,44.9045153272,0 -114.1530757446,44.9044201153,0 -114.1530506476,44.9043308498,0 -114.1530506723,44.9042356367,0 -114.1530339487,44.9041463723,0 -114.1530423468,44.9040511604,0 -114.1530591166,44.9039619004,0 -114.1530842598,44.9038726414,0 -114.1531094028,44.9037833825,0 -114.1531261724,44.9036941225,0 -114.1531239093,44.9036683122,0 -114.1531609824,44.9037181016,0 -114.1532547464,44.9037847629,0 -114.1533820172,44.9037990612,0 -114.1534557096,44.9037705067,0 -114.1535026061,44.9037467094,0 -114.1535227248,44.9036562596,0 -114.1539246745,44.9035277722,0 -114.1540117727,44.9034611337,0 -114.154005096,44.9033706804,0 -114.1539850221,44.9032802256,0 -114.1539381551,44.9031850067,0 -114.153891286,44.9030993092,0 -114.1538310186,44.9030183706,0 -114.1537506569,44.9029326689,0 -114.1537104868,44.9028469721,0 -114.1536234234,44.9027755514,0 -114.1535028605,44.9027326904,0 -114.1533889975,44.9026850694,0 -114.1533823218,44.9025946161,0 -114.1534560258,44.9025136944,0 -114.1535833033,44.9024899072,0 -114.1536369126,44.9024042221,0 -114.1536302377,44.9023090082,0 -114.153543174,44.9022423481,0 -114.1534092129,44.9022090066,0 -114.1532886501,44.902170906,0 -114.1531747908,44.9021137635,0 -114.1531547186,44.9020233085,0 -114.1530475594,44.9019614061,0 -114.152920289,44.9019613895,0 -114.1527997096,44.9019899375,0 -114.1526791251,44.902037528,0 -114.1525518483,44.9020613142,0 -114.1524312672,44.9020946225,0 -114.1523039992,44.9020850839,0 -114.1521767351,44.9020612631,0 -114.1520494646,44.9020612455,0 -114.1519222006,44.9020374245,0 -114.1518150414,44.9019802816,0 -114.151788273,44.9018898255,0 -114.1518284887,44.9017993788,0 -114.1519490734,44.9017517892,0 -114.1520763472,44.901737525,0 -114.152203617,44.9017375425,0 -114.1523375801,44.9017566035,0 -114.1524715433,44.9017756643,0 -114.152592106,44.9018090051,0 -114.1527126851,44.9017804572,0 -114.1528399575,44.9017709528,0 -114.1529672274,44.9017709695,0 -114.1530877904,44.9018043098,0 -114.1532150471,44.9018566934,0 -114.1533088094,44.9019185939,0 -114.1534360749,44.9019376527,0 -114.153563337,44.9019709934,0 -114.1536905968,44.9020138552,0 -114.1538044565,44.9020709972,0 -114.1539049183,44.902132898,0 -114.1539986818,44.902194798,0 -114.1540924456,44.9022566979,0 -114.1541661106,44.9023328773,0 -114.1542062812,44.9024185739,0 -114.1542464507,44.9025090312,0 -114.1542799207,44.9026042483,0 -114.1543602861,44.9026756677,0 -114.1544604111,44.9027290555,0 -114.154469675,44.9028943407,0 -114.154469655,44.9029800325,0 -114.1545902192,44.9030228926,0 -114.1547710871,44.9029943497,0 -114.1549921654,44.9028801193,0 -114.1553036622,44.9028158853,0 -114.1556050983,44.9028087773,0 -114.1556958054,44.9027842302,0 -114.1561039982,44.9038561059,0</coordinates></LinearRing></outerBoundaryIs></Polygon>
  </Placemark>
  <Placemark>
	<name></name>
	<description></description>
	<Style><LineStyle><color>ff0000ff</color></LineStyle><PolyStyle><fill>0</fill></PolyStyle></Style>
      <Polygon><altitudeMode>clampToGround</altitudeMode><outerBoundaryIs><LinearRing><altitudeMode>clampToGround</altitudeMode><coordinates>-114.1430259347,44.8959719735,0 -114.1430259317,44.8959791145,0 -114.1430158455,44.8960719447,0 -114.1430760886,44.8961576491,0 -114.1432066884,44.896171959,0 -114.1433272326,44.8962076895,0 -114.1434377664,44.8961577263,0 -114.1433976189,44.8960648854,0 -114.1433373755,44.8959791811,0 -114.1432670856,44.8958934747,0 -114.1431465421,44.8958577441,0 -114.1430259652,44.895900564,0 -114.1430259347,44.8959719735,0</coordinates></LinearRing></outerBoundaryIs></Polygon>
  </Placemark>
  <Placemark>
	<name></name>
	<description></description>
	<Style><LineStyle><color>ff0000ff</color></LineStyle><PolyStyle><fill>0</fill></PolyStyle></Style>
      <Polygon><altitudeMode>clampToGround</altitudeMode><outerBoundaryIs><LinearRing><altitudeMode>clampToGround</altitudeMode><coordinates>-114.1292572572,44.8351730849,0 -114.1292908411,44.8349588659,0 -114.1293913015,44.8347922741,0 -114.1296924924,44.8346019404,0 -114.1298265037,44.8342687354,0 -114.129525546,44.8340782173,0 -114.1291241457,44.8340304869,0 -114.1288898318,44.8342684466,0 -114.1287223623,44.8346016398,0 -114.1286219597,44.834673018,0 -114.1281201678,44.8346728588,0 -114.1280196137,44.8349822689,0 -114.1282202565,44.8351013493,0 -114.128521319,44.8351252481,0 -114.1287889287,44.8351491356,0 -114.1292572572,44.8351730849,0</coordinates></LinearRing></outerBoundaryIs></Polygon>
  </Placemark>
  <Placemark>
	<name></name>
	<description></description>
	<Style><LineStyle><color>ff0000ff</color></LineStyle><PolyStyle><fill>0</fill></PolyStyle></Style>
      <Polygon><altitudeMode>clampToGround</altitudeMode><outerBoundaryIs><LinearRing><altitudeMode>clampToGround</altitudeMode><coordinates>-114.1437044802,44.9078211639,0 -114.1437128566,44.9078152149,0 -114.1437798803,44.907737869,0 -114.143863649,44.9076664774,0 -114.1437883171,44.9075891011,0 -114.1437548596,44.9074998322,0 -114.1436627754,44.9074343538,0 -114.1435706356,44.9074997926,0 -114.1435538473,44.9075950016,0 -114.1435454327,44.9076902123,0 -114.1435537659,44.9077854267,0 -114.1437044802,44.9078211639,0</coordinates></LinearRing></outerBoundaryIs></Polygon>
  </Placemark>
  <Placemark>
	<name></name>
	<description></description>
	<Style><LineStyle><color>ff0000ff</color></LineStyle><PolyStyle><fill>0</fill></PolyStyle></Style>
      <Polygon><altitudeMode>clampToGround</altitudeMode><outerBoundaryIs><LinearRing><altitudeMode>clampToGround</altitudeMode><coordinates>-114.1466884784,44.8999798034,0 -114.1467973414,44.899932217,0 -114.1468559764,44.8998608182,0 -114.1468727543,44.8997715592,0 -114.1467723035,44.8997120327,0 -114.1466634758,44.8996644062,0 -114.1466048976,44.8995810841,0 -114.1465546944,44.8994918128,0 -114.1464961165,44.8994084907,0 -114.1464291639,44.8993311177,0 -114.146345464,44.8992596924,0 -114.1462952592,44.8991763718,0 -114.146245059,44.8990811495,0 -114.146211602,44.8989918812,0 -114.1462200123,44.8988907191,0 -114.1462033005,44.8988014539,0 -114.1461949636,44.8987062395,0 -114.1461280121,44.8986288665,0 -114.1459940515,44.898628841,0 -114.1459019243,44.8987061838,0 -114.1458181716,44.8987775774,0 -114.1456925718,44.8988073072,0 -114.1455837056,44.8988667941,0 -114.1455585535,44.8989560512,0 -114.1455082858,44.8990393526,0 -114.1454663883,44.8991286064,0 -114.1455500846,44.8992059831,0 -114.1456170359,44.8992833566,0 -114.1457258619,44.899330984,0 -114.1458347289,44.899271497,0 -114.1459603094,44.8992953243,0 -114.1460775061,44.8993489038,0 -114.1461863282,44.8994084325,0 -114.1462532784,44.8994917563,0 -114.1463034833,44.899575077,0 -114.1463788087,44.8996524516,0 -114.1464373867,44.8997357738,0 -114.1464875921,44.8998190944,0 -114.1465377977,44.899902415,0 -114.146604751,44.8999797878,0 -114.1466884784,44.8999798034,0</coordinates></LinearRing></outerBoundaryIs></Polygon>
  </Placemark>
  <Placemark>
	<name></name>
	<description></description>
	<Style><LineStyle><color>ff0000ff</color></LineStyle><PolyStyle><fill>0</fill></PolyStyle></Style>
      <Polygon><altitudeMode>clampToGround</altitudeMode><outerBoundaryIs><LinearRing><altitudeMode>clampToGround</altitudeMode><coordinates>-114.1444426128,44.8965707489,0 -114.1444493106,44.8965707502,0 -114.1445029273,44.8964850696,0 -114.1445163591,44.8963946202,0 -114.1445967609,44.8963232268,0 -114.1446905541,44.8962613574,0 -114.144791043,44.8962042499,0 -114.1449116175,44.8961661888,0 -114.145032188,44.8961376489,0 -114.1450791057,44.8960519666,0 -114.1450992342,44.8959615184,0 -114.1451059672,44.8958710676,0 -114.1450524191,44.8957853655,0 -114.1449251759,44.8957520158,0 -114.1447979103,44.8957757936,0 -114.144670656,44.8957710075,0 -114.1445501089,44.8957424194,0 -114.1444429687,44.89568527,0 -114.1443223931,44.8957280912,0 -114.1442286004,44.8957899604,0 -114.1442285637,44.8958804125,0 -114.1442084319,44.8959756212,0 -114.1441949978,44.8960708312,0 -114.1441748679,44.8961612792,0 -114.1441815288,44.8962517327,0 -114.1442082831,44.8963421903,0 -114.1442283378,44.8964374072,0 -114.1442684897,44.896523107,0 -114.1443622317,44.8965897751,0 -114.1444426128,44.8965707489,0</coordinates></LinearRing></outerBoundaryIs></Polygon>
  </Placemark>
  <Placemark>
	<name></name>
	<description></description>
	<Style><LineStyle><color>ff0000ff</color></LineStyle><PolyStyle><fill>0</fill></PolyStyle></Style>
      <Polygon><altitudeMode>clampToGround</altitudeMode><outerBoundaryIs><LinearRing><altitudeMode>clampToGround</altitudeMode><coordinates>-114.1468366393,44.9032900627,0 -114.1468416633,44.9032900636,0 -114.146957228,44.9032508097,0 -114.1470376381,44.9031758444,0 -114.1471331146,44.9031151637,0 -114.1471934312,44.9030330536,0 -114.147188442,44.9029366498,0 -114.1470879846,44.9028795038,0 -114.1470679214,44.9027902381,0 -114.1469624379,44.902740232,0 -114.146937351,44.9026509654,0 -114.1469424087,44.9025581339,0 -114.1469273709,44.9024652986,0 -114.1468369649,44.9024010133,0 -114.146756557,44.902472408,0 -114.1467113107,44.9025580911,0 -114.1466861572,44.9026509189,0 -114.1466660287,44.9027401772,0 -114.1466459002,44.9028294354,0 -114.1465654901,44.9029044004,0 -114.1465554079,44.902997231,0 -114.1465603973,44.9030900644,0 -114.146655828,44.9031543509,0 -114.1467060355,44.9032400517,0 -114.1468366393,44.9032900627,0</coordinates></LinearRing></outerBoundaryIs></Polygon>
  </Placemark>
  <Placemark>
	<name></name>
	<description></description>
	<Style><LineStyle><color>ff0000ff</color></LineStyle><PolyStyle><fill>0</fill></PolyStyle></Style>
      <Polygon><altitudeMode>clampToGround</altitudeMode><outerBoundaryIs><LinearRing><altitudeMode>clampToGround</altitudeMode><coordinates>-114.1463489359,44.9043075577,0 -114.1463539599,44.9043075587,0 -114.146479567,44.90428973,0 -114.1464996978,44.9041969014,0 -114.1465750858,44.9041219355,0 -114.146600239,44.9040326783,0 -114.1465349563,44.9039541155,0 -114.1464143685,44.9039862271,0 -114.1463339578,44.9040576214,0 -114.1463439709,44.9041504557,0 -114.1463489359,44.9043075577,0</coordinates></LinearRing></outerBoundaryIs></Polygon>
  </Placemark>
  <Placemark>
	<name></name>
	<description></description>
	<Style><LineStyle><color>ff0000ff</color></LineStyle><PolyStyle><fill>0</fill></PolyStyle></Style>
      <Polygon><altitudeMode>clampToGround</altitudeMode><outerBoundaryIs><LinearRing><altitudeMode>clampToGround</altitudeMode><coordinates>-114.1472634362,44.9039506797,0 -114.1472684602,44.9039506806,0 -114.1473990801,44.9039614157,0 -114.1474393026,44.9038757315,0 -114.1474393357,44.903782899,0 -114.1474494167,44.9036900683,0 -114.1473539831,44.9036293529,0 -114.1472484606,44.903682891,0 -114.147173074,44.9037578574,0 -114.1471529458,44.9038471157,0 -114.1472634362,44.9039506797,0</coordinates></LinearRing></outerBoundaryIs></Polygon>
  </Placemark>
  <Placemark>
	<name></name>
	<description></description>
	<Style><LineStyle><color>ff0000ff</color></LineStyle><PolyStyle><fill>0</fill></PolyStyle></Style>
      <Polygon><altitudeMode>clampToGround</altitudeMode><outerBoundaryIs><LinearRing><altitudeMode>clampToGround</altitudeMode><coordinates>-114.1291633326,44.8885013523,0 -114.1291633349,44.8884977819,0 -114.1292487639,44.8884299716,0 -114.1293291747,44.8883550187,0 -114.1294196282,44.8882836395,0 -114.129459865,44.8881979617,0 -114.1295201897,44.8881158611,0 -114.1295403406,44.8880230357,0 -114.1295454238,44.8879302054,0 -114.1294550599,44.8878659073,0 -114.1293395108,44.887912285,0 -114.1293494926,44.8880086907,0 -114.1293494316,44.8881015227,0 -114.1292439224,44.8881550445,0 -114.129113319,44.8881799942,0 -114.1290129053,44.8881228333,0 -114.1288823137,44.8881299304,0 -114.1287768041,44.8881834518,0 -114.1287064379,44.8882584077,0 -114.1287113961,44.8883548118,0 -114.128786685,44.8884298168,0 -114.1288569514,44.8885048201,0 -114.128987532,44.8885155754,0 -114.1291633326,44.8885013523,0</coordinates></LinearRing></outerBoundaryIs></Polygon>
  </Placemark>
  <Placemark>
	<name></name>
	<description></description>
	<Style><LineStyle><color>ff0000ff</color></LineStyle><PolyStyle><fill>0</fill></PolyStyle></Style>
      <Polygon><altitudeMode>clampToGround</altitudeMode><outerBoundaryIs><LinearRing><altitudeMode>clampToGround</altitudeMode><coordinates>-114.1281325233,44.8902326759,0 -114.1281375461,44.8902326776,0 -114.1282731677,44.8902220127,0 -114.1283284735,44.8901399111,0 -114.1282230297,44.8900898886,0 -114.1281929538,44.8900006169,0 -114.1281176638,44.8899256114,0 -114.1280322289,44.8899969912,0 -114.1280221177,44.8900933901,0 -114.1280320999,44.8901862254,0 -114.1281325233,44.8902326759,0</coordinates></LinearRing></outerBoundaryIs></Polygon>
  </Placemark>
</Folder>
</Document></kml>
